"Qarku i Beratit, Albania"
"Qarku i Dibrës, Albania"
"Qarku i Durrësit, Albania"
"Qarku i Elbasanit, Albania"
"Qarku i Fierit, Albania"
"Qarku i Gjirokastrës, Albania"
"Qarku i Korçës, Albania"
"Qarku i Kukësit, Albania"
"Qarku i Lezhës, Albania"
"Qarku i Shkodrës, Albania"
"Qarku i Tiranës, Albania"
"Qarku i Vlorës, Albania"
"Parròquia d'Andorra la Vella, Andorra"
"Parròquia d'Encamp, Andorra"
"Parròquia d'Escaldes-Engordany, Andorra"
"Parròquia d'Ordino, Andorra"
"Parròquia de Canillo, Andorra"
"Parròquia de Sant Julià de Lòria, Andorra"
"Parròquia de la Massana, Andorra"
"Burgenland, Austria"
"Carinthia, Austria"
"Lower Austria, Austria"
"Salzburg, Austria"
"Styria, Austria"
"Tyrol, Austria"
"Upper Austria, Austria"
"Vienna, Austria"
"Vorarlberg, Austria"
"Brestskaya Voblasts’, Belarus"
"Homyel’skaya Voblasts’, Belarus"
"Horad Minsk, Belarus"
"Hrodzyenskaya Voblasts’, Belarus"
"Mahilyowskaya Voblasts’, Belarus"
"Minskaya Voblasts’, Belarus"
"Vitsyebskaya Voblasts’, Belarus"
"Brussels Capital Region, Belgium"
"Flanders, Belgium"
"Walloon Region, Belgium"
"Br?ko, Bosnia and Herzegovina"
"Federation of Bosnia and Herzegovina, Bosnia and Herzegovina"
"Republika Srpska, Bosnia and Herzegovina"
"Oblast Blagoevgrad, Bulgaria"
"Oblast Burgas, Bulgaria"
"Oblast Dobrich, Bulgaria"
"Oblast Gabrovo, Bulgaria"
"Oblast Khaskovo, Bulgaria"
"Oblast Kyustendil, Bulgaria"
"Oblast K?rdzhali, Bulgaria"
"Oblast Lovech, Bulgaria"
"Oblast Montana, Bulgaria"
"Oblast Pazardzhik, Bulgaria"
"Oblast Pernik, Bulgaria"
"Oblast Pleven, Bulgaria"
"Oblast Plovdiv, Bulgaria"
"Oblast Razgrad, Bulgaria"
"Oblast Ruse, Bulgaria"
"Oblast Shumen, Bulgaria"
"Oblast Silistra, Bulgaria"
"Oblast Sliven, Bulgaria"
"Oblast Smolyan, Bulgaria"
"Oblast Sofiya, Bulgaria"
"Oblast Stara Zagora, Bulgaria"
"Oblast T?rgovishte, Bulgaria"
"Oblast Varna, Bulgaria"
"Oblast Veliko T?rnovo, Bulgaria"
"Oblast Vidin, Bulgaria"
"Oblast Vratsa, Bulgaria"
"Oblast Yambol, Bulgaria"
"Sofia-Capital, Bulgaria"
"Bjelovarsko-Bilogorska Županija, Croatia"
"Brodsko-Posavska Županija, Croatia"
"Dubrova?ko-Neretvanska Županija, Croatia"
"Grad Zagreb, Croatia"
"Istarska Županija, Croatia"
"Karlova?ka Županija, Croatia"
"Koprivni?ko-Križeva?ka Županija, Croatia"
"Krapinsko-Zagorska Županija, Croatia"
"Li?ko-Senjska Županija, Croatia"
"Me?imurska Županija, Croatia"
"Osje?ko-Baranjska Županija, Croatia"
"Požeško-Slavonska Županija, Croatia"
"Primorsko-Goranska Županija, Croatia"
"Sisa?ko-Moslava?ka Županija, Croatia"
"Splitsko-Dalmatinska Županija, Croatia"
"Varaždinska Županija, Croatia"
"Viroviti?ko-Podravska Županija, Croatia"
"Vukovarsko-Srijemska Županija, Croatia"
"Zadarska Županija, Croatia"
"Zagreba?ka Županija, Croatia"
"Šibensko-Kninska Županija, Croatia"
"Famagusta District, Cyprus"
"Kyrenia District, Cyprus"
"Larnaca District, Cyprus"
"Limassol District, Cyprus"
"Nicosia District, Cyprus"
"Paphos District, Cyprus"
"Hlavní m?sto Praha, Czech Republic"
"Jiho?eský Kraj, Czech Republic"
"Karlovarský kraj, Czech Republic"
"Kraj Vyso?ina, Czech Republic"
"Královéhradecký kraj, Czech Republic"
"Liberecký kraj, Czech Republic"
"Moravskoslezský kraj, Czech Republic"
"Olomoucký kraj, Czech Republic"
"Pardubický kraj, Czech Republic"
"Plze?ský kraj, Czech Republic"
"South Moravian Region, Czech Republic"
"St?edo?eský kraj, Czech Republic"
"Zlínský kraj, Czech Republic"
"Ústecký kraj, Czech Republic"
"Capital Region, Denmark"
"Central Jutland, Denmark"
"North Jutland, Denmark"
"South Denmark, Denmark"
"Zealand, Denmark"
"Harjumaa, Estonia"
"Hiiumaa, Estonia"
"Ida-Virumaa, Estonia"
"Järvamaa, Estonia"
"Jõgevamaa, Estonia"
"Lääne-Virumaa, Estonia"
"Läänemaa, Estonia"
"Pärnumaa, Estonia"
"Põlva, Estonia"
"Raplamaa, Estonia"
"Saaremaa, Estonia"
"Tartumaa, Estonia"
"Valgamaa, Estonia"
"Viljandimaa, Estonia"
"Võrumaa, Estonia"
"Eysturoy, Faroe Islands"
"Norðoyar, Faroe Islands"
"Sandoy, Faroe Islands"
"Streymoy, Faroe Islands"
"Suðuroy, Faroe Islands"
"Vágar, Faroe Islands"
"Brändö, Finland"
"Eckerö, Finland"
"Finström, Finland"
"Föglö, Finland"
"Geta, Finland"
"Hammarland, Finland"
"Jomala, Finland"
"Kumlinge, Finland"
"Kökar, Finland"
"Lapponia, Finland"
"Lemland, Finland"
"Lumparland, Finland"
"Mariehamn, Finland"
"Oulu, Finland"
"Province of Eastern Finland, Finland"
"Province of Southern Finland, Finland"
"Province of Western Finland, Finland"
"Saltvik, Finland"
"Sottunga, Finland"
"Sund, Finland"
"Vårdö, Finland"
"Åland (general), Finland"
"Alsace, France"
"Aquitaine, France"
"Auvergne, France"
"Basse-Normandie, France"
"Bourgogne, France"
"Brittany, France"
"Centre, France"
"Champagne-Ardenne, France"
"Corsica, France"
"Franche-Comté, France"
"Guadeloupe, France"
"Guyane, France"
"Haute-Normandie, France"
"Languedoc-Roussillon, France"
"Limousin, France"
"Lorraine, France"
"Martinique, France"
"Midi-Pyrénées, France"
"Nord-Pas-de-Calais, France"
"Pays de la Loire, France"
"Picardie, France"
"Poitou-Charentes, France"
"Provence-Alpes-Côte d'Azur, France"
"Rhône-Alpes, France"
"Réunion, France"
"Île-de-France, France"
"Baden-Württemberg, Germany"
"Bavaria, Germany"
"Brandenburg, Germany"
"Bremen, Germany"
"Hamburg, Germany"
"Hesse, Germany"
"Land Berlin, Germany"
"Lower Saxony, Germany"
"Mecklenburg-Vorpommern, Germany"
"North Rhine-Westphalia, Germany"
"Rheinland-Pfalz, Germany"
"Saarland, Germany"
"Saxony, Germany"
"Saxony-Anhalt, Germany"
"Schleswig-Holstein, Germany"
"Thuringia, Germany"
"Catalan Bay, Gibraltar"
"Gibraltar, Gibraltar"
"Attica, Greece"
"Central Greece, Greece"
"Central Macedonia, Greece"
"Crete, Greece"
"East Macedonia and Thrace, Greece"
"Epirus, Greece"
"Ionian Islands, Greece"
"Mount Athos, Greece"
"North Aegean, Greece"
"Peloponnese, Greece"
"South Aegean, Greece"
"Thessaly, Greece"
"West Greece, Greece"
"West Macedonia, Greece"
"Baranya megye, Hungary"
"Borsod-Abaúj-Zemplén, Hungary"
"Budapest f?város, Hungary"
"Bács-Kiskun, Hungary"
"Békés megye, Hungary"
"Csongrád megye, Hungary"
"Fejér, Hungary"
"Gy?r-Moson-Sopron, Hungary"
"Hajdú-Bihar, Hungary"
"Heves megye, Hungary"
"Jász-Nagykun-Szolnok, Hungary"
"Komárom-Esztergom, Hungary"
"Nógrád megye, Hungary"
"Pest megye, Hungary"
"Somogy megye, Hungary"
"Szabolcs-Szatmár-Bereg, Hungary"
"Tolna megye, Hungary"
"Vas, Hungary"
"Veszprém megye, Hungary"
"Zala, Hungary"
"Capital Region, Iceland"
"East, Iceland"
"Northeast, Iceland"
"Northwest, Iceland"
"South, Iceland"
"Southern Peninsula, Iceland"
"West, Iceland"
"Westfjords, Iceland"
"Connaught, Ireland"
"Leinster, Ireland"
"Munster, Ireland"
"Ulster, Ireland"
"Abruzzo, Italy"
"Aosta Valley, Italy"
"Apulia, Italy"
"Basilicate, Italy"
"Calabria, Italy"
"Campania, Italy"
"Emilia-Romagna, Italy"
"Friuli Venezia Giulia, Italy"
"Latium, Italy"
"Liguria, Italy"
"Lombardy, Italy"
"Molise, Italy"
"Piedmont, Italy"
"Sardinia, Italy"
"Sicily, Italy"
"The Marches, Italy"
"Trentino-Alto Adige, Italy"
"Tuscany, Italy"
"Umbria, Italy"
"Veneto, Italy"
"Komuna e Deçanit, Kosovo"
"Komuna e Dragashit, Kosovo"
"Komuna e Drenasit, Kosovo"
"Komuna e Ferizajt, Kosovo"
"Komuna e Gjakovës, Kosovo"
"Komuna e Gjilanit, Kosovo"
"Komuna e Istogut, Kosovo"
"Komuna e Kaçanikut, Kosovo"
"Komuna e Leposaviqit, Kosovo"
"Komuna e Lipjanit, Kosovo"
"Komuna e Malisheves, Kosovo"
"Komuna e Mitrovicës, Kosovo"
"Komuna e Obiliqit, Kosovo"
"Komuna e Pejës, Kosovo"
"Komuna e Prishtinës, Kosovo"
"Komuna e Prizrenit, Kosovo"
"Komuna e Rahovecit, Kosovo"
"Komuna e Shtimes, Kosovo"
"Komuna e Skenderajt, Kosovo"
"Komuna e Thërandës, Kosovo"
"Komuna e Vitisë, Kosovo"
"Komuna e Zubin Potokut, Kosovo"
"Opština Kamenica, Kosovo"
"Opština Klina, Kosovo"
"Opština Kosovo Polje, Kosovo"
"Opština Novo Brdo, Kosovo"
"Opština Podujevo, Kosovo"
"Opština Vu?itrn, Kosovo"
"Opština Zve?an, Kosovo"
"Opština Štrpce, Kosovo"
"Aglonas Novads, Latvia"
"Aizkraukles Rajons, Latvia"
"Aizputes Novads, Latvia"
"Akn?stes Novads, Latvia"
"Alojas Novads, Latvia"
"Alsungas Novads, Latvia"
"Al?ksnes Rajons, Latvia"
"Amatas Novads, Latvia"
"Apes Novads, Latvia"
"Auces Novads, Latvia"
"Bab?tes Novads, Latvia"
"Baldones Novads, Latvia"
"Baltinavas Novads, Latvia"
"Balvu Rajons, Latvia"
"Bauskas Rajons, Latvia"
"Bever?nas Novads, Latvia"
"Broc?nu Novads, Latvia"
"Burtnieku Novads, Latvia"
"Carnikavas Novads, Latvia"
"Cesvaines Novads, Latvia"
"Ciblas Novads, Latvia"
"C?su Rajons, Latvia"
"Dagdas Novads, Latvia"
"Daugavpils, Latvia"
"Daugavpils Rajons, Latvia"
"Dobeles Rajons, Latvia"
"Dundagas Novads, Latvia"
"Durbes Novads, Latvia"
"Engures Novads, Latvia"
"Garkalnes Novads, Latvia"
"Grobi?as Novads, Latvia"
"Gulbenes Rajons, Latvia"
"Iecavas Novads, Latvia"
"Ikš?iles Novads, Latvia"
"Il?kstes Novads, Latvia"
"In?ukalna Novads, Latvia"
"Jaunjelgavas Novads, Latvia"
"Jaunpiebalgas Novads, Latvia"
"Jaunpils Novads, Latvia"
"Jelgava, Latvia"
"Jelgavas Rajons, Latvia"
"J?kabpils, Latvia"
"J?kabpils Rajons, Latvia"
"J?rmala, Latvia"
"Kandavas Novads, Latvia"
"Koc?nu Novads, Latvia"
"Kokneses Novads, Latvia"
"Krimuldas Novads, Latvia"
"Krustpils Novads, Latvia"
"Kr?slavas Rajons, Latvia"
"Kuld?gas Rajons, Latvia"
"K?rsavas Novads, Latvia"
"Lielv?rdes Novads, Latvia"
"Liep?ja, Latvia"
"Liep?jas Rajons, Latvia"
"Limbažu Rajons, Latvia"
"Lub?nas Novads, Latvia"
"Ludzas Rajons, Latvia"
"L?gatnes Novads, Latvia"
"L?v?nu Novads, Latvia"
"Madonas Rajons, Latvia"
"Mazsalacas Novads, Latvia"
"M?lpils Novads, Latvia"
"M?rupes Novads, Latvia"
"Naukš?nu Novads, Latvia"
"Neretas Novads, Latvia"
"N?cas Novads, Latvia"
"Ogres Rajons, Latvia"
"Olaines Novads, Latvia"
"Ozolnieku Novads, Latvia"
"Prei?u Rajons, Latvia"
"Priekules Novads, Latvia"
"Prieku?u Novads, Latvia"
"P?rgaujas Novads, Latvia"
"P?vilostas Novads, Latvia"
"P?avi?u Novads, Latvia"
"Raunas Novads, Latvia"
"Riebi?u Novads, Latvia"
"Rojas Novads, Latvia"
"Ropažu Novads, Latvia"
"Rucavas Novads, Latvia"
"Rug?ju Novads, Latvia"
"Rund?les Novads, Latvia"
"R?zekne, Latvia"
"R?zeknes Rajons, Latvia"
"R?ga, Latvia"
"R?gas Rajons, Latvia"
"R?jienas Novads, Latvia"
"Salacgr?vas Novads, Latvia"
"Salas Novads, Latvia"
"Salaspils Novads, Latvia"
"Saldus Rajons, Latvia"
"Saulkrastu Novads, Latvia"
"Siguldas Novads, Latvia"
"Skrundas Novads, Latvia"
"Skr?veru Novads, Latvia"
"Smiltenes Novads, Latvia"
"Stopi?u Novads, Latvia"
"Stren?u Novads, Latvia"
"S?jas Novads, Latvia"
"Talsu Rajons, Latvia"
"Tukuma Rajons, Latvia"
"T?rvetes Novads, Latvia"
"Vai?odes Novads, Latvia"
"Valkas Rajons, Latvia"
"Valmieras Rajons, Latvia"
"Varak??nu Novads, Latvia"
"Vecpiebalgas Novads, Latvia"
"Vecumnieku Novads, Latvia"
"Ventspils, Latvia"
"Ventspils Rajons, Latvia"
"Vies?tes Novads, Latvia"
"Vi?akas Novads, Latvia"
"Vi??nu Novads, Latvia"
"V?rkavas Novads, Latvia"
"Zilupes Novads, Latvia"
"?dažu Novads, Latvia"
"?rg?u Novads, Latvia"
"?eguma Novads, Latvia"
"?ekavas Novads, Latvia"
"Gemeinde Balzers, Liechtenstein"
"Gemeinde Eschen, Liechtenstein"
"Gemeinde Gamprin, Liechtenstein"
"Gemeinde Mauren, Liechtenstein"
"Gemeinde Planken, Liechtenstein"
"Gemeinde Ruggell, Liechtenstein"
"Gemeinde Schaan, Liechtenstein"
"Gemeinde Schellenberg, Liechtenstein"
"Gemeinde Triesen, Liechtenstein"
"Gemeinde Triesenberg, Liechtenstein"
"Gemeinde Vaduz, Liechtenstein"
"Alytaus Apskritis, Lithuania"
"Kauno Apskritis, Lithuania"
"Klaip?dos Apskritis, Lithuania"
"Marijampol?s Apskritis, Lithuania"
"Panev?žio Apskritis, Lithuania"
"Taurag?s Apskritis, Lithuania"
"Telši? Apskritis, Lithuania"
"Utenos Apskritis, Lithuania"
"Vilniaus Apskritis, Lithuania"
"Šiauli? Apskritis, Lithuania"
"District de Diekirch, Luxembourg"
"District de Grevenmacher, Luxembourg"
"District de Luxembourg, Luxembourg"
"Opstina Gjorce Petrov, Macedonia"
"Opstina Lipkovo, Macedonia"
"Opstina Rankovce, Macedonia"
"Opština Aerodrom, Macedonia"
"Opština Ara?inovo, Macedonia"
"Opština Berovo, Macedonia"
"Opština Bitola, Macedonia"
"Opština Bogdanci, Macedonia"
"Opština Bogovinje, Macedonia"
"Opština Bosilovo, Macedonia"
"Opština Brvenica, Macedonia"
"Opština Butel, Macedonia"
"Opština Centar, Macedonia"
"Opština Centar Župa, Macedonia"
"Opština Debar, Macedonia"
"Opština Debarca, Macedonia"
"Opština Del?evo, Macedonia"
"Opština Demir Hisar, Macedonia"
"Opština Demir Kapija, Macedonia"
"Opština Dojran, Macedonia"
"Opština Dolneni, Macedonia"
"Opština Drugovo, Macedonia"
"Opština Gazi Baba, Macedonia"
"Opština Gevgelija, Macedonia"
"Opština Gostivar, Macedonia"
"Opština Gradsko, Macedonia"
"Opština Ilinden, Macedonia"
"Opština Jegunovce, Macedonia"
"Opština Karbinci, Macedonia"
"Opština Karpoš, Macedonia"
"Opština Kavadarci, Macedonia"
"Opština Kisela Voda, Macedonia"
"Opština Ki?evo, Macedonia"
"Opština Kon?e, Macedonia"
"Opština Ko?ani, Macedonia"
"Opština Kratovo, Macedonia"
"Opština Kriva Palanka, Macedonia"
"Opština Krivogaštani, Macedonia"
"Opština Kruševo, Macedonia"
"Opština Kumanovo, Macedonia"
"Opština Lozovo, Macedonia"
"Opština Makedonska Kamenica, Macedonia"
"Opština Makedonski Brod, Macedonia"
"Opština Mavrovo i Rostuša, Macedonia"
"Opština Mogila, Macedonia"
"Opština Negotino, Macedonia"
"Opština Novaci, Macedonia"
"Opština Novo Selo, Macedonia"
"Opština Ohrid, Macedonia"
"Opština Oslomej, Macedonia"
"Opština Peh?evo, Macedonia"
"Opština Petrovec, Macedonia"
"Opština Plasnica, Macedonia"
"Opština Prilep, Macedonia"
"Opština Probištip, Macedonia"
"Opština Radoviš, Macedonia"
"Opština Resen, Macedonia"
"Opština Rosoman, Macedonia"
"Opština Saraj, Macedonia"
"Opština Sopište, Macedonia"
"Opština Staro Nagori?ane, Macedonia"
"Opština Struga, Macedonia"
"Opština Strumica, Macedonia"
"Opština Studeni?ani, Macedonia"
"Opština Sveti Nikole, Macedonia"
"Opština Tearce, Macedonia"
"Opština Tetovo, Macedonia"
"Opština Valandovo, Macedonia"
"Opština Vasilevo, Macedonia"
"Opština Veles, Macedonia"
"Opština Vev?ani, Macedonia"
"Opština Vinica, Macedonia"
"Opština Vraneštica, Macedonia"
"Opština Vrap?ište, Macedonia"
"Opština Zajas, Macedonia"
"Opština Zelenikovo, Macedonia"
"Opština Zrnovci, Macedonia"
"Opština ?air, Macedonia"
"Opština ?aška, Macedonia"
"Opština ?ešinovo, Macedonia"
"Opština ?u?er-Sandevo, Macedonia"
"Opština Štip, Macedonia"
"Opština Šuto Orizari, Macedonia"
"Opština Želino, Macedonia"
"Attard, Malta"
"Balzan, Malta"
"Ba?ar i?-?ag?aq, Malta"
"Be?be?ija, Malta"
"Bighi, Malta"
"Bin?emma, Malta"
"Birbuba, Malta"
"Birgu, Malta"
"Birkirkara, Malta"
"Bir?ebbu?a, Malta"
"Biskra, Malta"
"Bor? in-Nadur, Malta"
"Bubaqra, Malta"
"Bur Mag?tab, Malta"
"Bur Marrad, Malta"
"Bu?ibba, Malta"
"Comino, Malta"
"Cospicua, Malta"
"Delimara, Malta"
"Dingli, Malta"
"Dwejra, Malta"
"Floriana, Malta"
"Gudja, Malta"
"G?ajn Klieb, Malta"
"G?ajn Qajjied, Malta"
"G?ajn Tuffie?a, Malta"
"G?ajn il-Kbira, Malta"
"G?ajn ?ejtuna, Malta"
"G?ajnsielem, Malta"
"G?ammar, Malta"
"G?ar Mundu, Malta"
"G?ar Ram, Malta"
"G?arb, Malta"
"G?arg?ur, Malta"
"G?asri, Malta"
"G?axaq, Malta"
"G?emieri, Malta"
"Id-Da?ar, Malta"
"Il- G?ira, Malta"
"Il-Bidni, Malta"
"Il-Brolli, Malta"
"Il-Fawwara, Malta"
"Il-G?ira, Malta"
"Il-Madliena, Malta"
"Il-Mi?ieb, Malta"
"Il-Palma, Malta"
"Il-Pergla, Malta"
"Il-Qajjenza, Malta"
"Il-Qattara, Malta"
"Il-Qortin ta’ G?ajn ?ejtuna, Malta"
"Il-Wil?a, Malta"
"Il-?ammieri, Malta"
"Il-?amrija, Malta"
"Il-?ofra, Malta"
"In-Na??alija, Malta"
"Is-Sellum, Malta"
"Ix-Xag?ra ta’ l-Isqof, Malta"
"Ix-Xg?ajriet, Malta"
"Ix-Xlejli, Malta"
"I?-?ebbieg?, Malta"
"Kalafrana, Malta"
"Kalkara, Malta"
"Ker?em, Malta"
"Kirkop, Malta"
"L-Andrijiet, Malta"
"L-A?rax tal-G?ajn, Malta"
"L-Iklin, Malta"
"L-Imbordin, Malta"
"L-Iskorvit, Malta"
"Lija, Malta"
"Luqa, Malta"
"Mag?tab, Malta"
"Manikata, Malta"
"Marsa, Malta"
"Marsalforn, Malta"
"Marsaskala, Malta"
"Marsaxlokk, Malta"
"Mdina, Malta"
"Mellie?a, Malta"
"Misra? Strejnu, Malta"
"Misra? Suffara, Malta"
"Misra? ?lantun, Malta"
"Mi?ieb, Malta"
"Mosta, Malta"
"Mqabba, Malta"
"Msida, Malta"
"Msiera?, Malta"
"Mtarfa, Malta"
"Munxar, Malta"
"M?arr, Malta"
"M?arr, Malta"
"Nadur, Malta"
"Naxxar, Malta"
"Nigred, Malta"
"Paola, Malta"
"Qala, Malta"
"Qawra, Malta"
"Qbajjar, Malta"
"Qormi, Malta"
"Qrendi, Malta"
"Rabat, Malta"
"Safi, Malta"
"San Katald, Malta"
"San Lawrenz, Malta"
"San Leonardo, Malta"
"San Pawl il-Ba?ar, Malta"
"San ?wann, Malta"
"Sannat, Malta"
"Santa Lu?ija, Malta"
"Santu Pietru, Malta"
"Santu Rokku, Malta"
"Senglea, Malta"
"Si??iewi, Malta"
"Sliema, Malta"
"St. Julian's, Malta"
"Tad-Dawl, Malta"
"Tal-Bajjada, Malta"
"Tal-Barrani, Malta"
"Tal-Blata, Malta"
"Tal-Bor?, Malta"
"Tal-Kittienija, Malta"
"Tal-Liebru, Malta"
"Tal-Mejda, Malta"
"Tal-Mer?la, Malta"
"Tal-Milord, Malta"
"Tal-Munxar, Malta"
"Tal-Papa, Malta"
"Tal-Pitkal, Malta"
"Tal-Ve??a, Malta"
"Tal-?andaq, Malta"
"Tal-?las, Malta"
"Tarxien, Malta"
"Tas-Salvatur, Malta"
"Tas-Santi, Malta"
"Ta’ Bir Miftu?, Malta"
"Ta’ Brared, Malta"
"Ta’ Qali, Malta"
"Ta’ San Niklaw, Malta"
"Ta’ San ?wakkin, Malta"
"Ta’ l-Abatija, Malta"
"Ta’ l-Ibra?, Malta"
"Ta’ ?antar, Malta"
"Ta’ ?amet, Malta"
"Ta’ ?axxluq, Malta"
"Valletta, Malta"
"Victoria, Malta"
"Wardija Crossroads, Malta"
"Wied Fulija, Malta"
"Wied G?ammieq, Malta"
"Wied l-Arkata, Malta"
"Xag?ra, Malta"
"Xewkija, Malta"
"Xg?ajra, Malta"
"Xlendi, Malta"
"Xrobb il-G?a?in, Malta"
"?nien il-Kbir, Malta"
"?al Far, Malta"
"?al ?inwi, Malta"
"?alq Dieri, Malta"
"?amrun, Malta"
"?as-Sajd, Malta"
"?ofret ir-Rizz, Malta"
"?abbar, Malta"
"?ebbu?, Malta"
"?ebbu?, Malta"
"?ejtun, Malta"
"?onqor, Malta"
"?urrieq, Malta"
"Municipiul Bender, Moldova"
"Municipiul B?l?i, Moldova"
"Municipiul Chi?in?u, Moldova"
"Raionul Anenii Noi, Moldova"
"Raionul Basarabeasca, Moldova"
"Raionul Briceni, Moldova"
"Raionul Cahul, Moldova"
"Raionul Cantemir, Moldova"
"Raionul Cimi?lia, Moldova"
"Raionul Criuleni, Moldova"
"Raionul C?l?ra?i, Moldova"
"Raionul C?u?eni, Moldova"
"Raionul Dondu?eni, Moldova"
"Raionul Drochia, Moldova"
"Raionul Dub?sari, Moldova"
"Raionul Edine?, Moldova"
"Raionul Flore?ti, Moldova"
"Raionul F?le?ti, Moldova"
"Raionul Glodeni, Moldova"
"Raionul Hînce?ti, Moldova"
"Raionul Ialoveni, Moldova"
"Raionul Leova, Moldova"
"Raionul Nisporeni, Moldova"
"Raionul Ocni?a, Moldova"
"Raionul Orhei, Moldova"
"Raionul Rezina, Moldova"
"Raionul Rî?cani, Moldova"
"Raionul Soroca, Moldova"
"Raionul Str??eni, Moldova"
"Raionul Sîngerei, Moldova"
"Raionul Taraclia, Moldova"
"Raionul Telene?ti, Moldova"
"Raionul Ungheni, Moldova"
"Raionul ?old?ne?ti, Moldova"
"Raionul ?tefan Vod?, Moldova"
"Unitate Teritorial? Autonom? G?g?uzia, Moldova"
"Unitatea Teritorial? din Stînga Nistrului, Moldova"
"Commune de Monaco, Monaco"
"Opština Andrijevica, Montenegro"
"Opština Bar, Montenegro"
"Opština Berane, Montenegro"
"Opština Bijelo Polje, Montenegro"
"Opština Budva, Montenegro"
"Opština Cetinje, Montenegro"
"Opština Danilovgrad, Montenegro"
"Opština Herceg Novi, Montenegro"
"Opština Kolašin, Montenegro"
"Opština Kotor, Montenegro"
"Opština Mojkovac, Montenegro"
"Opština Nikši?, Montenegro"
"Opština Plav, Montenegro"
"Opština Pljevlja, Montenegro"
"Opština Plužine, Montenegro"
"Opština Podgorica, Montenegro"
"Opština Rožaje, Montenegro"
"Opština Tivat, Montenegro"
"Opština Ulcinj, Montenegro"
"Opština Šavnik, Montenegro"
"Opština Žabljak, Montenegro"
"Friesland, Netherlands"
"Groningen, Netherlands"
"North Brabant, Netherlands"
"North Holland, Netherlands"
"Provincie Drenthe, Netherlands"
"Provincie Flevoland, Netherlands"
"Provincie Gelderland, Netherlands"
"Provincie Limburg, Netherlands"
"Provincie Overijssel, Netherlands"
"Provincie Utrecht, Netherlands"
"Provincie Zeeland, Netherlands"
"South Holland, Netherlands"
"Akershus county, Norway"
"Aust-Agder county, Norway"
"Buskerud county, Norway"
"Finnmark Fylke, Norway"
"Hedmark county, Norway"
"Hordaland Fylke, Norway"
"Møre og Romsdal fylke, Norway"
"Nord-Trøndelag Fylke, Norway"
"Nordland Fylke, Norway"
"Oppland county, Norway"
"Oslo, Norway"
"Rogaland Fylke, Norway"
"Sogn og Fjordane Fylke, Norway"
"Sør-Trøndelag Fylke, Norway"
"Telemark county, Norway"
"Troms Fylke, Norway"
"Vest-Agder Fylke, Norway"
"Vestfold county, Norway"
"Østfold county, Norway"
"Greater Poland Voivodeship, Poland"
"Kujawsko-Pomorskie, Poland"
"Lesser Poland Voivodeship, Poland"
"Lower Silesian Voivodeship, Poland"
"Lublin Voivodeship, Poland"
"Lubusz, Poland"
"Masovian Voivodeship, Poland"
"Opole Voivodeship, Poland"
"Podlasie, Poland"
"Pomeranian Voivodeship, Poland"
"Silesian Voivodeship, Poland"
"Subcarpathian Voivodeship, Poland"
"Warmian-Masurian Voivodeship, Poland"
"West Pomeranian Voivodeship, Poland"
"?ód? Voivodeship, Poland"
"?wi?tokrzyskie, Poland"
"Aveiro, Portugal"
"Bragança, Portugal"
"Distrito da Guarda, Portugal"
"Distrito de Beja, Portugal"
"Distrito de Braga, Portugal"
"Distrito de Castelo Branco, Portugal"
"Distrito de Coimbra, Portugal"
"Distrito de Faro, Portugal"
"Distrito de Leiria, Portugal"
"Distrito de Portalegre, Portugal"
"Distrito de Santarém, Portugal"
"Distrito de Setúbal, Portugal"
"Distrito de Viana do Castelo, Portugal"
"Distrito de Vila Real, Portugal"
"Distrito de Viseu, Portugal"
"Distrito de Évora, Portugal"
"Distrito do Porto, Portugal"
"Lisbon, Portugal"
"Região Autónoma da Madeira, Portugal"
"Região Autónoma dos Açores, Portugal"
"Bucure?ti, Romania"
"Jude?ul Alba, Romania"
"Jude?ul Arad, Romania"
"Jude?ul Arge?, Romania"
"Jude?ul Bac?u, Romania"
"Jude?ul Bihor, Romania"
"Jude?ul Bistri?a-N?s?ud, Romania"
"Jude?ul Boto?ani, Romania"
"Jude?ul Bra?ov, Romania"
"Jude?ul Br?ila, Romania"
"Jude?ul Buz?u, Romania"
"Jude?ul Cara?-Severin, Romania"
"Jude?ul Cluj, Romania"
"Jude?ul Constan?a, Romania"
"Jude?ul Covasna, Romania"
"Jude?ul C?l?ra?i, Romania"
"Jude?ul Dolj, Romania"
"Jude?ul Dâmbovi?a, Romania"
"Jude?ul Gala?i, Romania"
"Jude?ul Giurgiu, Romania"
"Jude?ul Gorj, Romania"
"Jude?ul Harghita, Romania"
"Jude?ul Hunedoara, Romania"
"Jude?ul Ialomi?a, Romania"
"Jude?ul Ia?i, Romania"
"Jude?ul Ilfov, Romania"
"Jude?ul Mehedin?i, Romania"
"Jude?ul Mure?, Romania"
"Jude?ul Neam?, Romania"
"Jude?ul Olt, Romania"
"Jude?ul Prahova, Romania"
"Jude?ul Satu Mare, Romania"
"Jude?ul Sibiu, Romania"
"Jude?ul S?laj, Romania"
"Jude?ul Teleorman, Romania"
"Jude?ul Timi?, Romania"
"Jude?ul Tulcea, Romania"
"Jude?ul Vaslui, Romania"
"Jude?ul Vrancea, Romania"
"Jude?ul Vâlcea, Romania"
"Maramure?, Romania"
"Suceava, Romania"
"Altayskiy Kray, Russia"
"Amurskaya Oblast’, Russia"
"Arkhangelskaya, Russia"
"Astrakhanskaya Oblast’, Russia"
"Belgorodskaya Oblast’, Russia"
"Bryanskaya Oblast’, Russia"
"Chechnya, Russia"
"Chelyabinsk Oblast, Russia"
"Chukotskiy Avtonomnyy Okrug, Russia"
"Chuvashia, Russia"
"Dagestan, Russia"
"Irkutskaya Oblast’, Russia"
"Ivanovskaya Oblast’, Russia"
"Jewish Autonomous Oblast, Russia"
"Kabardino-Balkarskaya Respublika, Russia"
"Kaliningradskaya Oblast’, Russia"
"Kaluzhskaya Oblast’, Russia"
"Kamtchatski Kray, Russia"
"Karachayevo-Cherkesskaya Respublika, Russia"
"Kemerovskaya Oblast’, Russia"
"Khabarovsk Krai, Russia"
"Khanty-Mansiyskiy Avtonomnyy Okrug, Russia"
"Kirovskaya Oblast’, Russia"
"Kostromskaya Oblast’, Russia"
"Krasnodarskiy Kray, Russia"
"Krasnoyarskiy Kray, Russia"
"Kurganskaya Oblast’, Russia"
"Kurskaya Oblast’, Russia"
"Leningrad, Russia"
"Lipetskaya Oblast’, Russia"
"Magadanskaya Oblast’, Russia"
"Moscow, Russia"
"Moskovskaya, Russia"
"Murmansk, Russia"
"Nenetskiy Avtonomnyy Okrug, Russia"
"Nizhegorodskaya Oblast’, Russia"
"North Ossetia, Russia"
"Novgorodskaya Oblast’, Russia"
"Novosibirskaya Oblast’, Russia"
"Omskaya Oblast’, Russia"
"Orenburgskaya Oblast’, Russia"
"Orlovskaya Oblast’, Russia"
"Penzenskaya Oblast’, Russia"
"Perm Krai, Russia"
"Primorskiy Kray, Russia"
"Pskovskaya Oblast’, Russia"
"Respublika Adygeya, Russia"
"Respublika Altay, Russia"
"Respublika Bashkortostan, Russia"
"Respublika Buryatiya, Russia"
"Respublika Ingushetiya, Russia"
"Respublika Kalmykiya, Russia"
"Respublika Kareliya, Russia"
"Respublika Khakasiya, Russia"
"Respublika Komi, Russia"
"Respublika Mariy-El, Russia"
"Respublika Mordoviya, Russia"
"Respublika Sakha (Yakutiya), Russia"
"Respublika Tatarstan, Russia"
"Respublika Tyva, Russia"
"Rostovskaya Oblast’, Russia"
"Ryazanskaya Oblast’, Russia"
"Sakhalinskaya Oblast’, Russia"
"Samarskaya Oblast’, Russia"
"Sankt-Peterburg, Russia"
"Saratovskaya Oblast', Russia"
"Smolenskaya Oblast’, Russia"
"Stavropol’skiy Kray, Russia"
"Sverdlovskaya Oblast’, Russia"
"Tambovskaya Oblast', Russia"
"Tomskaya Oblast’, Russia"
"Tul'skaya Oblast', Russia"
"Tverskaya Oblast’, Russia"
"Tyumenskaya Oblast’, Russia"
"Udmurtskaya Respublika, Russia"
"Ul’yanovskaya Oblast’, Russia"
"Vladimirskaya Oblast’, Russia"
"Volgogradskaya Oblast’, Russia"
"Vologodskaya Oblast’, Russia"
"Voronezhskaya Oblast’, Russia"
"Yamalo-Nenetskiy Avtonomnyy Okrug, Russia"
"Yaroslavskaya Oblast’, Russia"
"Zabaykal’skiy Kray, Russia"
"Castello di Acquaviva, San Marino"
"Castello di Borgo Maggiore, San Marino"
"Castello di Domagnano, San Marino"
"Castello di Faetano, San Marino"
"Castello di Fiorentino, San Marino"
"Castello di Montegiardino, San Marino"
"Castello di San Marino Città, San Marino"
"Castello di Serravalle, San Marino"
"Chiesanuova, San Marino"
"Autonomna Pokrajina Vojvodina, Serbia"
"Central Serbia, Serbia"
"Banskobystrický Kraj, Slovakia"
"Bratislavský Kraj, Slovakia"
"Košický Kraj, Slovakia"
"Nitriansky Kraj, Slovakia"
"Prešovský Kraj, Slovakia"
"Tren?iansky Kraj, Slovakia"
"Trnavský Kraj, Slovakia"
"Žilinský Kraj, Slovakia"
"Bohinj, Slovenia"
"Comune di Isola, Slovenia"
"Comune di Pirano, Slovenia"
"Ljubljana, Slovenia"
"Mestna Ob?ina Celje, Slovenia"
"Mestna Ob?ina Koper, Slovenia"
"Mestna Ob?ina Kranj, Slovenia"
"Mestna Ob?ina Maribor, Slovenia"
"Mestna Ob?ina Murska Sobota, Slovenia"
"Mestna Ob?ina Nova Gorica, Slovenia"
"Mestna Ob?ina Novo mesto, Slovenia"
"Mestna Ob?ina Ptuj, Slovenia"
"Mestna Ob?ina Slovenj Gradec, Slovenia"
"Mestna Ob?ina Velenje, Slovenia"
"Ob?ina Ajdovš?ina, Slovenia"
"Ob?ina Apa?e, Slovenia"
"Ob?ina Beltinci, Slovenia"
"Ob?ina Benedikt, Slovenia"
"Ob?ina Bistrica ob Sotli, Slovenia"
"Ob?ina Bled, Slovenia"
"Ob?ina Bloke, Slovenia"
"Ob?ina Borovnica, Slovenia"
"Ob?ina Bovec, Slovenia"
"Ob?ina Braslov?e, Slovenia"
"Ob?ina Brda, Slovenia"
"Ob?ina Brezovica, Slovenia"
"Ob?ina Brežice, Slovenia"
"Ob?ina Cankova, Slovenia"
"Ob?ina Cerklje na Gorenjskem, Slovenia"
"Ob?ina Cerknica, Slovenia"
"Ob?ina Cerkno, Slovenia"
"Ob?ina Cerkvenjak, Slovenia"
"Ob?ina Cirkulane, Slovenia"
"Ob?ina Destrnik, Slovenia"
"Ob?ina Diva?a, Slovenia"
"Ob?ina Dobje, Slovenia"
"Ob?ina Dobrepolje, Slovenia"
"Ob?ina Dobrna, Slovenia"
"Ob?ina Dobrova-Polhov Gradec, Slovenia"
"Ob?ina Dobrovnik, Slovenia"
"Ob?ina Dol pri Ljubljani, Slovenia"
"Ob?ina Dolenjske Toplice, Slovenia"
"Ob?ina Domžale, Slovenia"
"Ob?ina Dornava, Slovenia"
"Ob?ina Dravograd, Slovenia"
"Ob?ina Duplek, Slovenia"
"Ob?ina Gorenja Vas-Poljane, Slovenia"
"Ob?ina Gorišnica, Slovenia"
"Ob?ina Gornja Radgona, Slovenia"
"Ob?ina Gornji Grad, Slovenia"
"Ob?ina Gornji Petrovci, Slovenia"
"Ob?ina Grad, Slovenia"
"Ob?ina Grosuplje, Slovenia"
"Ob?ina Hajdina, Slovenia"
"Ob?ina Hodoš, Slovenia"
"Ob?ina Horjul, Slovenia"
"Ob?ina Ho?e-Slivnica, Slovenia"
"Ob?ina Hrastnik, Slovenia"
"Ob?ina Hrpelje-Kozina, Slovenia"
"Ob?ina Idrija, Slovenia"
"Ob?ina Ig, Slovenia"
"Ob?ina Ilirska Bistrica, Slovenia"
"Ob?ina Ivan?na Gorica, Slovenia"
"Ob?ina Jesenice, Slovenia"
"Ob?ina Jezersko, Slovenia"
"Ob?ina Juršinci, Slovenia"
"Ob?ina Kamnik, Slovenia"
"Ob?ina Kanal, Slovenia"
"Ob?ina Kidri?evo, Slovenia"
"Ob?ina Kobarid, Slovenia"
"Ob?ina Kobilje, Slovenia"
"Ob?ina Komen, Slovenia"
"Ob?ina Komenda, Slovenia"
"Ob?ina Kostanjevica na Krki, Slovenia"
"Ob?ina Kostel, Slovenia"
"Ob?ina Kozje, Slovenia"
"Ob?ina Ko?evje, Slovenia"
"Ob?ina Kranjska Gora, Slovenia"
"Ob?ina Križevci, Slovenia"
"Ob?ina Krško, Slovenia"
"Ob?ina Kungota, Slovenia"
"Ob?ina Kuzma, Slovenia"
"Ob?ina Laško, Slovenia"
"Ob?ina Lenart, Slovenia"
"Ob?ina Lendava, Slovenia"
"Ob?ina Litija, Slovenia"
"Ob?ina Ljubno, Slovenia"
"Ob?ina Ljutomer, Slovenia"
"Ob?ina Log-Dragomer, Slovenia"
"Ob?ina Logatec, Slovenia"
"Ob?ina Lovrenc na Pohorju, Slovenia"
"Ob?ina Loška Dolina, Slovenia"
"Ob?ina Loški Potok, Slovenia"
"Ob?ina Lukovica, Slovenia"
"Ob?ina Lu?e, Slovenia"
"Ob?ina Majšperk, Slovenia"
"Ob?ina Makole, Slovenia"
"Ob?ina Markovci, Slovenia"
"Ob?ina Medvode, Slovenia"
"Ob?ina Mengeš, Slovenia"
"Ob?ina Metlika, Slovenia"
"Ob?ina Mežica, Slovenia"
"Ob?ina Miklavž na Dravskem Polju, Slovenia"
"Ob?ina Miren-Kostanjevica, Slovenia"
"Ob?ina Mirna Pe?, Slovenia"
"Ob?ina Mislinja, Slovenia"
"Ob?ina Mokronog-Trebelno, Slovenia"
"Ob?ina Moravske Toplice, Slovenia"
"Ob?ina Morav?e, Slovenia"
"Ob?ina Mozirje, Slovenia"
"Ob?ina Muta, Slovenia"
"Ob?ina Naklo, Slovenia"
"Ob?ina Nazarje, Slovenia"
"Ob?ina Odranci, Slovenia"
"Ob?ina Oplotnica, Slovenia"
"Ob?ina Ormož, Slovenia"
"Ob?ina Osilnica, Slovenia"
"Ob?ina Pesnica, Slovenia"
"Ob?ina Pivka, Slovenia"
"Ob?ina Podlehnik, Slovenia"
"Ob?ina Podvelka, Slovenia"
"Ob?ina Pod?etrtek, Slovenia"
"Ob?ina Polj?ane, Slovenia"
"Ob?ina Polzela, Slovenia"
"Ob?ina Postojna, Slovenia"
"Ob?ina Prebold, Slovenia"
"Ob?ina Preddvor, Slovenia"
"Ob?ina Prevalje, Slovenia"
"Ob?ina Puconci, Slovenia"
"Ob?ina Radenci, Slovenia"
"Ob?ina Rade?e, Slovenia"
"Ob?ina Radlje ob Dravi, Slovenia"
"Ob?ina Radovljica, Slovenia"
"Ob?ina Ravne na Koroškem, Slovenia"
"Ob?ina Razkrižje, Slovenia"
"Ob?ina Ra?e-Fram, Slovenia"
"Ob?ina Ribnica, Slovenia"
"Ob?ina Ribnica na Pohorju, Slovenia"
"Ob?ina Rogatec, Slovenia"
"Ob?ina Rogaška Slatina, Slovenia"
"Ob?ina Rogašovci, Slovenia"
"Ob?ina Ruše, Slovenia"
"Ob?ina Selnica ob Dravi, Slovenia"
"Ob?ina Semi?, Slovenia"
"Ob?ina Sevnica, Slovenia"
"Ob?ina Sežana, Slovenia"
"Ob?ina Slovenska Bistrica, Slovenia"
"Ob?ina Slovenske Konjice, Slovenia"
"Ob?ina Sodražica, Slovenia"
"Ob?ina Sol?ava, Slovenia"
"Ob?ina Starše, Slovenia"
"Ob?ina Sveta Ana, Slovenia"
"Ob?ina Sveti Andraž v Slovenskih Goricah, Slovenia"
"Ob?ina Sveti Jurij ob Š?avnici, Slovenia"
"Ob?ina Tabor, Slovenia"
"Ob?ina Tišina, Slovenia"
"Ob?ina Tolmin, Slovenia"
"Ob?ina Trbovlje, Slovenia"
"Ob?ina Trebnje, Slovenia"
"Ob?ina Trnovska vas, Slovenia"
"Ob?ina Trzin, Slovenia"
"Ob?ina Trži?, Slovenia"
"Ob?ina Turniš?e, Slovenia"
"Ob?ina Velika Polana, Slovenia"
"Ob?ina Velike Laš?e, Slovenia"
"Ob?ina Veržej, Slovenia"
"Ob?ina Videm, Slovenia"
"Ob?ina Vipava, Slovenia"
"Ob?ina Vitanje, Slovenia"
"Ob?ina Vodice, Slovenia"
"Ob?ina Vojnik, Slovenia"
"Ob?ina Vransko, Slovenia"
"Ob?ina Vrhnika, Slovenia"
"Ob?ina Vuzenica, Slovenia"
"Ob?ina Zagorje ob Savi, Slovenia"
"Ob?ina Zavr?, Slovenia"
"Ob?ina Zre?e, Slovenia"
"Ob?ina ?renšovci, Slovenia"
"Ob?ina ?rna na Koroškem, Slovenia"
"Ob?ina ?rnomelj, Slovenia"
"Ob?ina Šalovci, Slovenia"
"Ob?ina Šempeter-Vrtojba, Slovenia"
"Ob?ina Šentilj, Slovenia"
"Ob?ina Šentjernej, Slovenia"
"Ob?ina Šentjur, Slovenia"
"Ob?ina Šen?ur, Slovenia"
"Ob?ina Škocjan, Slovenia"
"Ob?ina Škofja Loka, Slovenia"
"Ob?ina Škofljica, Slovenia"
"Ob?ina Šmarje pri Jelšah, Slovenia"
"Ob?ina Šmartno ob Paki, Slovenia"
"Ob?ina Šmartno pri Litiji, Slovenia"
"Ob?ina Šoštanj, Slovenia"
"Ob?ina Štore, Slovenia"
"Ob?ina Žalec, Slovenia"
"Ob?ina Železniki, Slovenia"
"Ob?ina Žetale, Slovenia"
"Ob?ina Žiri, Slovenia"
"Ob?ina Žirovnica, Slovenia"
"Ob?ina Žužemberk, Slovenia"
"Andalusia, Spain"
"Aragon, Spain"
"Asturias, Spain"
"Autonomous Region of Navarre, Spain"
"Balearic Islands, Spain"
"Basque Country, Spain"
"Canary Islands, Spain"
"Cantabria, Spain"
"Castille and León, Spain"
"Castille-La Mancha, Spain"
"Catalonia, Spain"
"Ceuta, Spain"
"Extremadura, Spain"
"Galicia, Spain"
"La Rioja, Spain"
"Madrid, Spain"
"Melilla, Spain"
"Murcia, Spain"
"Valencia, Spain"
"Blekinge, Sweden"
"Dalarna, Sweden"
"Gotland, Sweden"
"Gävleborg, Sweden"
"Halland, Sweden"
"Jämtland, Sweden"
"Jönköping, Sweden"
"Kalmar, Sweden"
"Kronoberg, Sweden"
"Norrbotten, Sweden"
"Skåne, Sweden"
"Stockholm, Sweden"
"Södermanland, Sweden"
"Uppsala, Sweden"
"Värmland, Sweden"
"Västerbotten, Sweden"
"Västernorrland, Sweden"
"Västmanland, Sweden"
"Västra Götaland, Sweden"
"Örebro, Sweden"
"Östergötland, Sweden"
"Aargau, Switzerland"
"Appenzell Ausserrhoden, Switzerland"
"Basel-Country, Switzerland"
"Basle-Ville, Switzerland"
"Bern, Switzerland"
"Fribourg, Switzerland"
"Geneva, Switzerland"
"Glarus, Switzerland"
"Grisons, Switzerland"
"Jura, Switzerland"
"Kanton Appenzell Innerrhoden, Switzerland"
"Lucerne, Switzerland"
"Neuchâtel, Switzerland"
"Nidwalden, Switzerland"
"Obwalden, Switzerland"
"Saint Gallen, Switzerland"
"Schaffhausen, Switzerland"
"Schwyz, Switzerland"
"Solothurn, Switzerland"
"Thurgau, Switzerland"
"Ticino, Switzerland"
"Uri, Switzerland"
"Valais, Switzerland"
"Vaud, Switzerland"
"Zug, Switzerland"
"Zurich, Switzerland"
"Avtonomna Respublika Krym, Ukraine"
"Cherkas’ka Oblast’, Ukraine"
"Chernihivs’ka Oblast’, Ukraine"
"Chernivets’ka Oblast’, Ukraine"
"Dnipropetrovska Oblast', Ukraine"
"Donets’ka Oblast’, Ukraine"
"Ivano-Frankivs’ka Oblast’, Ukraine"
"Kharkivs’ka Oblast’, Ukraine"
"Kherson, Ukraine"
"Khmel’nyts’ka Oblast’, Ukraine"
"Kiev, Ukraine"
"Kirovohrads’ka Oblast’, Ukraine"
"Luhans’ka Oblast’, Ukraine"
"L’vivs’ka Oblast’, Ukraine"
"Misto Kyyiv, Ukraine"
"Misto Sevastopol’, Ukraine"
"Mykolayivs’ka Oblast’, Ukraine"
"Odessa, Ukraine"
"Poltava, Ukraine"
"Rivnens’ka Oblast’, Ukraine"
"Sumy, Ukraine"
"Ternopil’s’ka Oblast’, Ukraine"
"Vinnyts’ka Oblast’, Ukraine"
"Volyns’ka Oblast’, Ukraine"
"Zakarpats’ka Oblast’, Ukraine"
"Zaporiz’ka Oblast’, Ukraine"
"Zhytomyrs’ka Oblast’, Ukraine"
"England, United Kingdom"
"Guernsey (general), United Kingdom"
"Isle of Man, United Kingdom"
"Jersey (general), United Kingdom"
"N Ireland, United Kingdom"
"Scotland, United Kingdom"
"Wales, United Kingdom"
"Vatican, Vatican City"
"Brändö, Åland"
"Eckerö, Åland"
"Finström, Åland"
"Föglö, Åland"
"Geta, Åland"
"Hammarland, Åland"
"Jomala, Åland"
"Kumlinge, Åland"
"Kökar, Åland"
"Lemland, Åland"
"Lumparland, Åland"
"Mariehamn, Åland"
"Saltvik, Åland"
"Sottunga, Åland"
"Sund, Åland"
"Vårdö, Åland"
"Åland (general), Åland"
