"Bethel, Anguilla"
"Betty Hill, Anguilla"
"Blowing Point Village, Anguilla"
"Cannifist, Anguilla"
"Cauls Bottom, Anguilla"
"Chalvilles, Anguilla"
"Crocus Hill, Anguilla"
"Deep Waters, Anguilla"
"East End Village, Anguilla"
"Ebenezer, Anguilla"
"George Hill, Anguilla"
"Island Harbour, Anguilla"
"Junks Hole, Anguilla"
"Little Dix, Anguilla"
"Long Bay Village, Anguilla"
"Long Ground, Anguilla"
"Long Path, Anguilla"
"Lower South Hill, Anguilla"
"Mahogany Tree, Anguilla"
"Mount Fortune, Anguilla"
"North Hill Village, Anguilla"
"North Side, Anguilla"
"Rey Hill, Anguilla"
"Sandy Ground Village, Anguilla"
"Shoal Bay Village, Anguilla"
"South Hill Village, Anguilla"
"Stoney Ground, Anguilla"
"The Copse, Anguilla"
"The Farrington, Anguilla"
"The Forest, Anguilla"
"The Quarter, Anguilla"
"The Valley, Anguilla"
"Wattices, Anguilla"
"Welches Hill, Anguilla"
"West End Village, Anguilla"
"White Hill, Anguilla"
"Barbuda, Antigua and Barbuda"
"Parish of Saint George, Antigua and Barbuda"
"Parish of Saint John, Antigua and Barbuda"
"Parish of Saint Mary, Antigua and Barbuda"
"Parish of Saint Paul, Antigua and Barbuda"
"Parish of Saint Peter, Antigua and Barbuda"
"Parish of Saint Philip, Antigua and Barbuda"
"Redonda, Antigua and Barbuda"
"Angochi, Aruba"
"Arasji, Aruba"
"Babijn, Aruba"
"Balashi, Aruba"
"Blumond, Aruba"
"Boegoeroei, Aruba"
"Boton, Aruba"
"Brasil, Aruba"
"Bringamosa, Aruba"
"Bubali, Aruba"
"Bushiribana, Aruba"
"Butucu, Aruba"
"Calabas, Aruba"
"Camacuri, Aruba"
"Canashito, Aruba"
"Cas Ariba, Aruba"
"Cas di Paloma, Aruba"
"Cashero, Aruba"
"Casibari, Aruba"
"Catashi, Aruba"
"Catiri, Aruba"
"Ceru Colorado, Aruba"
"Coba Lodo, Aruba"
"Cunucu Abao, Aruba"
"Cura Cabai, Aruba"
"Druif, Aruba"
"Eagle Beach, Aruba"
"Falcon, Aruba"
"Fontein, Aruba"
"Gasparito, Aruba"
"Jamanota, Aruba"
"Jan Flemming, Aruba"
"Juwana Morto, Aruba"
"Largo Cadushi, Aruba"
"Mabon, Aruba"
"Macuarima, Aruba"
"Madiki, Aruba"
"Mahuma, Aruba"
"Marawiel, Aruba"
"Maria Mài, Aruba"
"Meiveld, Aruba"
"Moco, Aruba"
"Modansa, Aruba"
"Mon Pos, Aruba"
"Morgenster, Aruba"
"Noord, Aruba"
"Noord Cura Cabai, Aruba"
"Nuñe, Aruba"
"Oranjestad, Aruba"
"Palm Beach, Aruba"
"Paradera, Aruba"
"Paradijs, Aruba"
"Paraguaná, Aruba"
"Parkietenbos, Aruba"
"Pavía, Aruba"
"Picaron, Aruba"
"Piedra Plat, Aruba"
"Plantersrust, Aruba"
"Ponton, Aruba"
"Pos Abao, Aruba"
"Pos Chikito, Aruba"
"Primavera, Aruba"
"Roncado, Aruba"
"Rooi Afó, Aruba"
"Rooi Bosal, Aruba"
"Rooi Cochi, Aruba"
"Rooi Congo, Aruba"
"Rooi Hundo, Aruba"
"Rooi Master, Aruba"
"Rooi Prikichi, Aruba"
"Sabana Basora, Aruba"
"Sabana Berde, Aruba"
"Sabana Blanco, Aruba"
"Sabana Grandi, Aruba"
"Sabana Liber, Aruba"
"Sabaneta, Aruba"
"Sabanía Abao, Aruba"
"Saliña Cerca, Aruba"
"San Barbola, Aruba"
"San Fuego, Aruba"
"Santa Cruz, Aruba"
"Santa Helena, Aruba"
"Santa Martha, Aruba"
"Sero Blanco, Aruba"
"Shaba, Aruba"
"Shabiruri, Aruba"
"Shete, Aruba"
"Shiribana, Aruba"
"Simeon Antonio, Aruba"
"Sint Anna, Aruba"
"Sint Nicolaas, Aruba"
"Siribana, Aruba"
"Soledad, Aruba"
"Solito, Aruba"
"Tamarijn, Aruba"
"Tanki Flip, Aruba"
"Tanki Lender, Aruba"
"Tarabana, Aruba"
"Washington, Aruba"
"Wayaca, Aruba"
"Westpunt, Aruba"
"Acklins Island District, Bahamas"
"Berry Islands District, Bahamas"
"Bimini District, Bahamas"
"Black Point District, Bahamas"
"Cat Island District, Bahamas"
"Central Abaco District, Bahamas"
"Central Andros District, Bahamas"
"Central Eleuthera District, Bahamas"
"City of Freeport District, Bahamas"
"Crooked Island and Long Cay District, Bahamas"
"East Grand Bahama District, Bahamas"
"Exuma District, Bahamas"
"Fresh Creek District, Bahamas"
"Governor's Harbour District, Bahamas"
"Grand Cay District, Bahamas"
"Green Turtle Cay District, Bahamas"
"Harbour Island District, Bahamas"
"High Rock District, Bahamas"
"Hope Town District, Bahamas"
"Inagua District, Bahamas"
"Kemps Bay District, Bahamas"
"Long Island District, Bahamas"
"Mangrove Cay District, Bahamas"
"Marsh Harbour District, Bahamas"
"Mayaguana District, Bahamas"
"Moore’s Island District, Bahamas"
"New Providence District, Bahamas"
"North Abaco District, Bahamas"
"North Andros District, Bahamas"
"North Eleuthera District, Bahamas"
"Ragged Island District, Bahamas"
"Rock Sound District, Bahamas"
"Rum Cay District, Bahamas"
"San Salvador District, Bahamas"
"Sandy Point District, Bahamas"
"South Abaco District, Bahamas"
"South Andros District, Bahamas"
"South Eleuthera District, Bahamas"
"Spanish Wells District, Bahamas"
"West Grand Bahama District, Bahamas"
"Christ Church, Barbados"
"Saint Andrew, Barbados"
"Saint George, Barbados"
"Saint James, Barbados"
"Saint John, Barbados"
"Saint Joseph, Barbados"
"Saint Lucy, Barbados"
"Saint Michael, Barbados"
"Saint Peter, Barbados"
"Saint Philip, Barbados"
"Saint Thomas, Barbados"
"Belize District, Belize"
"Cayo District, Belize"
"Corozal District, Belize"
"Orange Walk District, Belize"
"Stann Creek District, Belize"
"Toledo District, Belize"
"Devonshire Parish, Bermuda"
"Hamilton Parish, Bermuda"
"Hamilton city, Bermuda"
"Paget, Bermuda"
"Pembroke Parish, Bermuda"
"Saint George, Bermuda"
"Saint George’s Parish, Bermuda"
"Sandys Parish, Bermuda"
"Smith’s Parish, Bermuda"
"Southampton Parish, Bermuda"
"Warwick Parish, Bermuda"
"Bonaire, Bonaire"
"Saba, Bonaire"
"Sint Eustatius, Bonaire"
"Anderson, British Virgin Islands"
"Belle Vue, British Virgin Islands"
"Cane Garden Bay, British Virgin Islands"
"Creek Village, British Virgin Islands"
"Freshwater Pond, British Virgin Islands"
"Great Carrot Bay, British Virgin Islands"
"Great Mountain, British Virgin Islands"
"Hannah, British Virgin Islands"
"Kingstown, British Virgin Islands"
"Leonards, British Virgin Islands"
"Lettsome Settlement, British Virgin Islands"
"Little Carrot Bay, British Virgin Islands"
"Little Harbour, British Virgin Islands"
"Long Swamp, British Virgin Islands"
"Maya Cove, British Virgin Islands"
"Road Town, British Virgin Islands"
"South Sound, British Virgin Islands"
"Spanish Town, British Virgin Islands"
"The Mill, British Virgin Islands"
"The Settlement, British Virgin Islands"
"Threllfall, British Virgin Islands"
"Wesley Will, British Virgin Islands"
"Alberta, Canada"
"British Columbia, Canada"
"Manitoba, Canada"
"New Brunswick, Canada"
"Newfoundland and Labrador, Canada"
"Northwest Territories, Canada"
"Nova Scotia, Canada"
"Nunavut, Canada"
"Ontario, Canada"
"Prince Edward Island, Canada"
"Quebec, Canada"
"Saskatchewan, Canada"
"Yukon, Canada"
"Banksville, Cayman Islands"
"Battle Ground, Cayman Islands"
"Belford Estates, Cayman Islands"
"Birch Tree Hill, Cayman Islands"
"Blakes, Cayman Islands"
"Blossom Point, Cayman Islands"
"Bodden Town, Cayman Islands"
"Botabano, Cayman Islands"
"Breakers, Cayman Islands"
"Breezy Castle, Cayman Islands"
"Brinkleys, Cayman Islands"
"Cayman Palms, Cayman Islands"
"Coral Gables, Cayman Islands"
"Creek, Cayman Islands"
"Driftwood Village, Cayman Islands"
"Dusty Place, Cayman Islands"
"East End, Cayman Islands"
"Frenchman’s Fort, Cayman Islands"
"George Town, Cayman Islands"
"Gun Bay, Cayman Islands"
"Half Moon Bay, Cayman Islands"
"Half Way Pond, Cayman Islands"
"Head of Bay, Cayman Islands"
"Hell, Cayman Islands"
"High Rock Estates, Cayman Islands"
"Hutland, Cayman Islands"
"Knob Hill, Cayman Islands"
"Lambert House, Cayman Islands"
"Lower Valley, Cayman Islands"
"Midland Acres, Cayman Islands"
"Molusca Heights, Cayman Islands"
"Mount Pleasant, Cayman Islands"
"Newlands, Cayman Islands"
"North Side, Cayman Islands"
"North Sound Estates, Cayman Islands"
"North Ward, Cayman Islands"
"Old Man Bay, Cayman Islands"
"Old Stores, Cayman Islands"
"Omega Gardens, Cayman Islands"
"Pease Bay, Cayman Islands"
"Pedro, Cayman Islands"
"Prospect, Cayman Islands"
"Prospect Park, Cayman Islands"
"Red Bay Estate, Cayman Islands"
"Saint James, Cayman Islands"
"Sand Bluff, Cayman Islands"
"Savannah, Cayman Islands"
"Savannah Acres, Cayman Islands"
"South Town, Cayman Islands"
"Spot Bay, Cayman Islands"
"Spotts, Cayman Islands"
"The Common, Cayman Islands"
"The Moorings, Cayman Islands"
"The Moorings, Cayman Islands"
"Tibbetts Turn, Cayman Islands"
"Town Hall Crescent, Cayman Islands"
"Tropical Gardens, Cayman Islands"
"Upper Land, Cayman Islands"
"Vicksville, Cayman Islands"
"Water Ground, Cayman Islands"
"West Bay, Cayman Islands"
"West End, Cayman Islands"
"Whitehall Estate, Cayman Islands"
"Provincia de Alajuela, Costa Rica"
"Provincia de Cartago, Costa Rica"
"Provincia de Guanacaste, Costa Rica"
"Provincia de Heredia, Costa Rica"
"Provincia de Limón, Costa Rica"
"Provincia de Puntarenas, Costa Rica"
"Provincia de San José, Costa Rica"
"Las Tunas, Cuba"
"Municipio Especial Isla de la Juventud, Cuba"
"Provincia Artemisa, Cuba"
"Provincia Granma, Cuba"
"Provincia Mayabeque, Cuba"
"Provincia de Camagüey, Cuba"
"Provincia de Ciego de Ávila, Cuba"
"Provincia de Cienfuegos, Cuba"
"Provincia de Guantánamo, Cuba"
"Provincia de Holguín, Cuba"
"Provincia de La Habana, Cuba"
"Provincia de Matanzas, Cuba"
"Provincia de Pinar del Río, Cuba"
"Provincia de Sancti Spíritus, Cuba"
"Provincia de Santiago de Cuba, Cuba"
"Provincia de Villa Clara, Cuba"
"Australie, Curacao"
"Barber, Curacao"
"Blomonte, Curacao"
"Boca St. Michiel, Curacao"
"Boka Samí, Curacao"
"Bona Vista, Curacao"
"Bonavista, Curacao"
"Bou’i Seru, Curacao"
"Brievengat, Curacao"
"Buena Vista, Curacao"
"Bullenbaai, Curacao"
"Coral Estate Rif St. Marie, Curacao"
"De Hoop, Curacao"
"Dorp Sint Michiel, Curacao"
"Dorp Sint Willebrordus, Curacao"
"Dorp Soto, Curacao"
"Dorp Westpunt, Curacao"
"Emmastad, Curacao"
"Fontein, Curacao"
"Fortuna Abou, Curacao"
"Gato, Curacao"
"Groot Kwartier, Curacao"
"Jan Doret, Curacao"
"Jan Thiel, Curacao"
"Janwé, Curacao"
"Juan Domingo, Curacao"
"Julianadorp, Curacao"
"Kas Chikitu, Curacao"
"Kolontjie, Curacao"
"Krakeel, Curacao"
"Kunuku Abou, Curacao"
"Kura Juri, Curacao"
"Lagún, Curacao"
"Libie, Curacao"
"Montan’i Rei, Curacao"
"Morgenster, Curacao"
"Newport, Curacao"
"Parera, Curacao"
"Rancho, Curacao"
"Roosendaal, Curacao"
"Rust en Vrede, Curacao"
"Sabana Westpunt, Curacao"
"Saliña Abou, Curacao"
"San Pedro, Curacao"
"San Pedro, Curacao"
"Santa Catharina, Curacao"
"Santa Krus, Curacao"
"Santa Maria, Curacao"
"Santa Rosa, Curacao"
"Seritu, Curacao"
"Ser’i Bientu, Curacao"
"Sint Jozefsdal, Curacao"
"Sint Michiel Liber, Curacao"
"Slangenbaai, Curacao"
"Su Casa, Curacao"
"Suffisant Dorp, Curacao"
"Suriname Dorp, Curacao"
"Weis, Curacao"
"Weitje, Curacao"
"Willemstad, Curacao"
"Zeelandia, Curacao"
"Saint Andrew, Dominica"
"Saint David, Dominica"
"Saint George, Dominica"
"Saint John, Dominica"
"Saint Joseph, Dominica"
"Saint Luke, Dominica"
"Saint Mark, Dominica"
"Saint Patrick, Dominica"
"Saint Paul, Dominica"
"Saint Peter, Dominica"
"Distrito Nacional, Dominican Republic"
"Provincia Duarte, Dominican Republic"
"Provincia Espaillat, Dominican Republic"
"Provincia María Trinidad Sánchez, Dominican Republic"
"Provincia Sánchez Ramírez, Dominican Republic"
"Provincia de Azua, Dominican Republic"
"Provincia de Baoruco, Dominican Republic"
"Provincia de Barahona, Dominican Republic"
"Provincia de Dajabón, Dominican Republic"
"Provincia de El Seíbo, Dominican Republic"
"Provincia de Elías Piña, Dominican Republic"
"Provincia de Hato Mayor, Dominican Republic"
"Provincia de Hermanas Mirabal, Dominican Republic"
"Provincia de Independencia, Dominican Republic"
"Provincia de La Altagracia, Dominican Republic"
"Provincia de La Romana, Dominican Republic"
"Provincia de La Vega, Dominican Republic"
"Provincia de Monseñor Nouel, Dominican Republic"
"Provincia de Monte Cristi, Dominican Republic"
"Provincia de Monte Plata, Dominican Republic"
"Provincia de Pedernales, Dominican Republic"
"Provincia de Peravia, Dominican Republic"
"Provincia de Samaná, Dominican Republic"
"Provincia de San Cristóbal, Dominican Republic"
"Provincia de San José de Ocoa, Dominican Republic"
"Provincia de San Juan, Dominican Republic"
"Provincia de San Pedro de Macorís, Dominican Republic"
"Provincia de Santiago, Dominican Republic"
"Provincia de Santiago Rodríguez, Dominican Republic"
"Provincia de Santo Domingo, Dominican Republic"
"Provincia de Valverde, Dominican Republic"
"Puerto Plata, Dominican Republic"
"Departamento de Ahuachapán, El Salvador"
"Departamento de Cabañas, El Salvador"
"Departamento de Chalatenango, El Salvador"
"Departamento de Cuscatlán, El Salvador"
"Departamento de La Libertad, El Salvador"
"Departamento de La Paz, El Salvador"
"Departamento de La Unión, El Salvador"
"Departamento de Morazán, El Salvador"
"Departamento de San Miguel, El Salvador"
"Departamento de San Salvador, El Salvador"
"Departamento de San Vicente, El Salvador"
"Departamento de Santa Ana, El Salvador"
"Departamento de Sonsonate, El Salvador"
"Departamento de Usulután, El Salvador"
"Kujalleq, Greenland"
"Qaasuitsup, Greenland"
"Qeqqata, Greenland"
"Sermersooq, Greenland"
"Carriacou and Petite Martinique, Grenada"
"Saint Andrew, Grenada"
"Saint David, Grenada"
"Saint George, Grenada"
"Saint John, Grenada"
"Saint Mark, Grenada"
"Saint Patrick, Grenada"
"Guadeloupe, Guadeloupe"
"Departamento de Alta Verapaz, Guatemala"
"Departamento de Baja Verapaz, Guatemala"
"Departamento de Chimaltenango, Guatemala"
"Departamento de Chiquimula, Guatemala"
"Departamento de El Progreso, Guatemala"
"Departamento de Escuintla, Guatemala"
"Departamento de Guatemala, Guatemala"
"Departamento de Huehuetenango, Guatemala"
"Departamento de Izabal, Guatemala"
"Departamento de Jalapa, Guatemala"
"Departamento de Jutiapa, Guatemala"
"Departamento de Quetzaltenango, Guatemala"
"Departamento de Retalhuleu, Guatemala"
"Departamento de Sacatepéquez, Guatemala"
"Departamento de San Marcos, Guatemala"
"Departamento de Santa Rosa, Guatemala"
"Departamento de Sololá, Guatemala"
"Departamento de Suchitepéquez, Guatemala"
"Departamento de Totonicapán, Guatemala"
"Departamento de Zacapa, Guatemala"
"Departamento del Petén, Guatemala"
"Departamento del Quiché, Guatemala"
"Département de Nippes, Haiti"
"Département de l'Artibonite, Haiti"
"Département de l'Ouest, Haiti"
"Département de la Grand'Anse, Haiti"
"Département du Centre, Haiti"
"Département du Nord, Haiti"
"Département du Nord-Est, Haiti"
"Département du Nord-Ouest, Haiti"
"Département du Sud, Haiti"
"Département du Sud-Est, Haiti"
"Bay Islands, Honduras"
"Departamento de Atlántida, Honduras"
"Departamento de Choluteca, Honduras"
"Departamento de Colón, Honduras"
"Departamento de Comayagua, Honduras"
"Departamento de Copán, Honduras"
"Departamento de Cortés, Honduras"
"Departamento de El Paraíso, Honduras"
"Departamento de Gracias a Dios, Honduras"
"Departamento de Intibucá, Honduras"
"Departamento de Lempira, Honduras"
"Departamento de Ocotepeque, Honduras"
"Departamento de Olancho, Honduras"
"Departamento de Santa Bárbara, Honduras"
"Departamento de Valle, Honduras"
"Departamento de Yoro, Honduras"
"Departmento de Francisco Morazán, Honduras"
"Departmento de La Paz, Honduras"
"Hanover Parish, Jamaica"
"Kingston, Jamaica"
"Parish of Clarendon, Jamaica"
"Parish of Manchester, Jamaica"
"Parish of Portland, Jamaica"
"Parish of Saint Andrew, Jamaica"
"Parish of Saint Ann, Jamaica"
"Parish of Saint Catherine, Jamaica"
"Parish of Saint James, Jamaica"
"Parish of Saint Mary, Jamaica"
"Parish of Saint Thomas, Jamaica"
"Parish of Trelawny, Jamaica"
"Parish of Westmoreland, Jamaica"
"St. Elizabeth, Jamaica"
"Martinique, Martinique"
"Aguascalientes, Mexico"
"Baja California Sur, Mexico"
"Campeche, Mexico"
"Chiapas, Mexico"
"Chihuahua, Mexico"
"Coahuila, Mexico"
"Colima, Mexico"
"Durango, Mexico"
"Estado de Baja California, Mexico"
"Estado de México, Mexico"
"Estado de Veracruz-Llave, Mexico"
"Guanajuato, Mexico"
"Guerrero, Mexico"
"Hidalgo, Mexico"
"Jalisco, Mexico"
"Michoacán, Mexico"
"Morelos, Mexico"
"Nayarit, Mexico"
"Nuevo León, Mexico"
"Oaxaca, Mexico"
"Puebla, Mexico"
"Querétaro, Mexico"
"Quintana Roo, Mexico"
"San Luis Potosí, Mexico"
"Sinaloa, Mexico"
"Sonora, Mexico"
"Tabasco, Mexico"
"Tamaulipas, Mexico"
"The Federal District, Mexico"
"Tlaxcala, Mexico"
"Yucatán, Mexico"
"Zacatecas, Mexico"
"Parish of Saint Anthony, Montserrat"
"Parish of Saint Georges, Montserrat"
"Parish of Saint Peter, Montserrat"
"Departamento de Boaco, Nicaragua"
"Departamento de Carazo, Nicaragua"
"Departamento de Chinandega, Nicaragua"
"Departamento de Chontales, Nicaragua"
"Departamento de Estelí, Nicaragua"
"Departamento de Granada, Nicaragua"
"Departamento de Jinotega, Nicaragua"
"Departamento de León, Nicaragua"
"Departamento de Madriz, Nicaragua"
"Departamento de Managua, Nicaragua"
"Departamento de Masaya, Nicaragua"
"Departamento de Matagalpa, Nicaragua"
"Departamento de Nueva Segovia, Nicaragua"
"Departamento de Rivas, Nicaragua"
"Departamento de Río San Juan, Nicaragua"
"Región Autónoma Atlántico Norte, Nicaragua"
"Región Autónoma Atlántico Sur, Nicaragua"
"Emberá-Wounaan, Panama"
"Kuna Yala, Panama"
"Ngöbe-Buglé, Panama"
"Provincia de Bocas del Toro, Panama"
"Provincia de Chiriquí, Panama"
"Provincia de Coclé, Panama"
"Provincia de Colón, Panama"
"Provincia de Herrera, Panama"
"Provincia de Los Santos, Panama"
"Provincia de Panamá, Panama"
"Provincia de Veraguas, Panama"
"Provincia del Darién, Panama"
"Adjuntas, Puerto Rico"
"Aguada, Puerto Rico"
"Aguadilla, Puerto Rico"
"Aguas Buenas, Puerto Rico"
"Aibonito, Puerto Rico"
"Arecibo, Puerto Rico"
"Arroyo, Puerto Rico"
"Añasco, Puerto Rico"
"Barceloneta, Puerto Rico"
"Barranquitas, Puerto Rico"
"Bayamón Municipio, Puerto Rico"
"Cabo Rojo Municipio, Puerto Rico"
"Caguas Municipio, Puerto Rico"
"Camuy Municipio, Puerto Rico"
"Canóvanas Municipio, Puerto Rico"
"Carolina Municipio, Puerto Rico"
"Cataño Municipio, Puerto Rico"
"Cayey Municipio, Puerto Rico"
"Ceiba Municipio, Puerto Rico"
"Ciales Municipio, Puerto Rico"
"Cidra Municipio, Puerto Rico"
"Coamo Municipio, Puerto Rico"
"Comerío Municipio, Puerto Rico"
"Corozal Municipio, Puerto Rico"
"Culebra Municipio, Puerto Rico"
"Dorado Municipio, Puerto Rico"
"Fajardo Municipio, Puerto Rico"
"Florida Municipio, Puerto Rico"
"Guayama Municipio, Puerto Rico"
"Guayanilla Municipio, Puerto Rico"
"Guaynabo Municipio, Puerto Rico"
"Gurabo Municipio, Puerto Rico"
"Guánica Municipio, Puerto Rico"
"Hatillo Municipio, Puerto Rico"
"Hormigueros Municipio, Puerto Rico"
"Humacao Municipio, Puerto Rico"
"Juana Díaz Municipio, Puerto Rico"
"Lajas Municipio, Puerto Rico"
"Lares Municipio, Puerto Rico"
"Las Marías Municipio, Puerto Rico"
"Las Piedras Municipio, Puerto Rico"
"Loíza Municipio, Puerto Rico"
"Luquillo Municipio, Puerto Rico"
"Manatí Municipio, Puerto Rico"
"Maricao Municipio, Puerto Rico"
"Maunabo Municipio, Puerto Rico"
"Mayagüez Municipio, Puerto Rico"
"Moca Municipio, Puerto Rico"
"Morovis Municipio, Puerto Rico"
"Municipio de Isabela, Puerto Rico"
"Municipio de Jayuya, Puerto Rico"
"Municipio de Juncos, Puerto Rico"
"Naguabo Municipio, Puerto Rico"
"Naranjito Municipio, Puerto Rico"
"Orocovis Municipio, Puerto Rico"
"Patillas Municipio, Puerto Rico"
"Peñuelas Municipio, Puerto Rico"
"Ponce Municipio, Puerto Rico"
"Quebradillas Municipio, Puerto Rico"
"Rincón Municipio, Puerto Rico"
"Río Grande Municipio, Puerto Rico"
"Sabana Grande Municipio, Puerto Rico"
"Salinas Municipio, Puerto Rico"
"San Germán Municipio, Puerto Rico"
"San Juan, Puerto Rico"
"San Lorenzo Municipio, Puerto Rico"
"San Sebastián Municipio, Puerto Rico"
"Santa Isabel Municipio, Puerto Rico"
"Toa Alta Municipio, Puerto Rico"
"Toa Baja Municipio, Puerto Rico"
"Trujillo Alto Municipio, Puerto Rico"
"Utuado Municipio, Puerto Rico"
"Vega Alta Municipio, Puerto Rico"
"Vega Baja Municipio, Puerto Rico"
"Vieques Municipio, Puerto Rico"
"Villalba Municipio, Puerto Rico"
"Yabucoa Municipio, Puerto Rico"
"Yauco Municipio, Puerto Rico"
"Anse des Cayes, Saint Barthélemy"
"Anse des Flamands, Saint Barthélemy"
"Colombier, Saint Barthélemy"
"Corossol, Saint Barthélemy"
"Grand Cul-de-Sac, Saint Barthélemy"
"Grand Fond, Saint Barthélemy"
"Gustavia, Saint Barthélemy"
"La Saline, Saint Barthélemy"
"Le Gouverneur, Saint Barthélemy"
"Lurin, Saint Barthélemy"
"Marigot, Saint Barthélemy"
"Petit Cul de Sac, Saint Barthélemy"
"Public, Saint Barthélemy"
"Quartier de Lorient, Saint Barthélemy"
"Quartier du Roi, Saint Barthélemy"
"Saint-Jean, Saint Barthélemy"
"Toiny, Saint Barthélemy"
"Christ Church Nichola Town, Saint Kitts and Nevis"
"Saint Anne Sandy Point, Saint Kitts and Nevis"
"Saint George Basseterre, Saint Kitts and Nevis"
"Saint George Gingerland, Saint Kitts and Nevis"
"Saint James Windward, Saint Kitts and Nevis"
"Saint John Capesterre, Saint Kitts and Nevis"
"Saint John Figtree, Saint Kitts and Nevis"
"Saint Mary Cayon, Saint Kitts and Nevis"
"Saint Paul Capesterre, Saint Kitts and Nevis"
"Saint Paul Charlestown, Saint Kitts and Nevis"
"Saint Peter Basseterre, Saint Kitts and Nevis"
"Saint Thomas Lowland, Saint Kitts and Nevis"
"Saint Thomas Middle Island, Saint Kitts and Nevis"
"Trinity Palmetto Point, Saint Kitts and Nevis"
"Quarter of Anse-la-Raye, Saint Lucia"
"Quarter of Castries, Saint Lucia"
"Quarter of Choiseul, Saint Lucia"
"Quarter of Dauphin, Saint Lucia"
"Quarter of Dennery, Saint Lucia"
"Quarter of Gros-Islet, Saint Lucia"
"Quarter of Laborie, Saint Lucia"
"Quarter of Micoud, Saint Lucia"
"Quarter of Praslin, Saint Lucia"
"Quarter of Soufrière, Saint Lucia"
"Quarter of Vieux-Fort, Saint Lucia"
"Agrement, Saint Martin"
"Anse Marcel, Saint Martin"
"Baie Nettle, Saint Martin"
"Belle Hill, Saint Martin"
"Belle Plaine, Saint Martin"
"Bellevue, Saint Martin"
"Bienvenue, Saint Martin"
"Bloomingdale, Saint Martin"
"Cocksies, Saint Martin"
"Colombier, Saint Martin"
"Colombier, Saint Martin"
"Concordia, Saint Martin"
"Cripple Gate, Saint Martin"
"Cul de Sac, Saint Martin"
"Embouchure, Saint Martin"
"Espérance, Saint Martin"
"Flagstaff, Saint Martin"
"Fond Mahaut, Saint Martin"
"Friar's Bay, Saint Martin"
"Galisbay, Saint Martin"
"Grand Fond, Saint Martin"
"Grand Fond Nord, Saint Martin"
"Grand-Case, Saint Martin"
"Griselle, Saint Martin"
"Hameau du Pont, Saint Martin"
"Helligard, Saint Martin"
"Hope Hill, Saint Martin"
"Industrie, Saint Martin"
"Jardin des Dains, Saint Martin"
"La Batterie, Saint Martin"
"La Colombe, Saint Martin"
"La Savane, Saint Martin"
"Les Jardins D’Orient Bay, Saint Martin"
"Les Village de St. Martin, Saint Martin"
"Marigot, Saint Martin"
"Mont Saline, Saint Martin"
"Mont Vernon, Saint Martin"
"Morne Emile, Saint Martin"
"Morne Valois, Saint Martin"
"Orient Bay, Saint Martin"
"Paradis, Saint Martin"
"Parc de la Baie Orientale, Saint Martin"
"Quartier D’Orleans Est, Saint Martin"
"Quartier D’Orleans Ouest, Saint Martin"
"Quartier D’Orleans Sud, Saint Martin"
"Quartier de Grand’ Case, Saint Martin"
"Quartier d’Orléans, Saint Martin"
"Rambaud, Saint Martin"
"Saint Jean, Saint Martin"
"Saint Louis, Saint Martin"
"Saint-James, Saint Martin"
"Sandy Ground, Saint Martin"
"Spring, Saint Martin"
"Terres Basses, Saint Martin"
"Valois, Saint Martin"
"Commune de Miquelon-Langlade, Saint Pierre and Miquelon"
"Commune de Saint-Pierre, Saint Pierre and Miquelon"
"Grenadines, Saint Vincent and the Grenadines"
"Parish of Charlotte, Saint Vincent and the Grenadines"
"Parish of Saint Andrew, Saint Vincent and the Grenadines"
"Parish of Saint David, Saint Vincent and the Grenadines"
"Parish of Saint George, Saint Vincent and the Grenadines"
"Parish of Saint Patrick, Saint Vincent and the Grenadines"
"Almond Grove Estate, Sint Maarten"
"Beacon Hill, Sint Maarten"
"Belvédère, Sint Maarten"
"Bloomingdale, Sint Maarten"
"Cay Bay, Sint Maarten"
"Claude Estate, Sint Maarten"
"Cole Bay, Sint Maarten"
"Cul de Sac, Sint Maarten"
"Cupe Coy, Sint Maarten"
"Dawn Beach, Sint Maarten"
"Defiance, Sint Maarten"
"Diamond, Sint Maarten"
"Dutch Quarter, Sint Maarten"
"Ebenezer, Sint Maarten"
"Experiment, Sint Maarten"
"Industrie, Sint Maarten"
"Koolbaai, Sint Maarten"
"Lower Prince’s Quarter, Sint Maarten"
"Madame’s Estate, Sint Maarten"
"Maho Reef, Sint Maarten"
"Mary’s Fancy, Sint Maarten"
"Middle Region, Sint Maarten"
"Mont William Hill, Sint Maarten"
"Mullet Bay, Sint Maarten"
"Nazareth, Sint Maarten"
"One Hoe, Sint Maarten"
"Orange Grove, Sint Maarten"
"Over the Pond, Sint Maarten"
"Oyster Pond, Sint Maarten"
"Philipsburg, Sint Maarten"
"Pine Garden, Sint Maarten"
"Pointe Blanche, Sint Maarten"
"Prospect Farm, Sint Maarten"
"Rabbit Hill, Sint Maarten"
"Red Pond, Sint Maarten"
"Retreat Estate, Sint Maarten"
"Reward, Sint Maarten"
"Rice Hill, Sint Maarten"
"Rockland, Sint Maarten"
"Saint James, Sint Maarten"
"Saunders, Sint Maarten"
"Simpson Bay, Sint Maarten"
"Simson Bay Village, Sint Maarten"
"Spring Garden, Sint Maarten"
"St. Peters, Sint Maarten"
"Sucker Garden, Sint Maarten"
"Tamarind Hill, Sint Maarten"
"The Corner, Sint Maarten"
"The Hope, Sint Maarten"
"The Villa, Sint Maarten"
"Trial, Sint Maarten"
"Union Farm, Sint Maarten"
"Upper Prince’s Quarter, Sint Maarten"
"Vineyard, Sint Maarten"
"Waymouth Hills Mildrum, Sint Maarten"
"Welgeleden, Sint Maarten"
"Windsor, Sint Maarten"
"Zorg en Rust, Sint Maarten"
"Arima, Trinidad and Tobago"
"Chaguanas, Trinidad and Tobago"
"Couva-Tabaquite-Talparo, Trinidad and Tobago"
"Diego Martin, Trinidad and Tobago"
"Eastern Tobago, Trinidad and Tobago"
"Mayaro, Trinidad and Tobago"
"Penal/Debe, Trinidad and Tobago"
"Point Fortin, Trinidad and Tobago"
"Port-of-Spain, Trinidad and Tobago"
"Princes Town, Trinidad and Tobago"
"San Fernando, Trinidad and Tobago"
"San Juan/Laventille, Trinidad and Tobago"
"Sangre Grande, Trinidad and Tobago"
"Siparia, Trinidad and Tobago"
"Tobago, Trinidad and Tobago"
"Tunapuna/Piarco, Trinidad and Tobago"
"Balfour Town, Turks and Caicos Islands"
"Bambarra, Turks and Caicos Islands"
"Cockburn Harbour, Turks and Caicos Islands"
"Cockburn Town, Turks and Caicos Islands"
"Conch Bar, Turks and Caicos Islands"
"Five Cays Settlement, Turks and Caicos Islands"
"Grace Bay, Turks and Caicos Islands"
"Greenwich, Turks and Caicos Islands"
"Kew, Turks and Caicos Islands"
"Lorimers, Turks and Caicos Islands"
"Sandy Point, Turks and Caicos Islands"
"Whitby, Turks and Caicos Islands"
"Saint Croix Island, U.S. Virgin Islands"
"Saint John Island, U.S. Virgin Islands"
"Saint Thomas Island, U.S. Virgin Islands"
"Alabama, United States"
"Alaska, United States"
"Arizona, United States"
"Arkansas, United States"
"California, United States"
"Colorado, United States"
"Connecticut, United States"
"Delaware, United States"
"Florida, United States"
"Georgia, United States"
"Hawaii, United States"
"Idaho, United States"
"Illinois, United States"
"Indiana, United States"
"Iowa, United States"
"Kansas, United States"
"Kentucky, United States"
"Louisiana, United States"
"Maine, United States"
"Maryland, United States"
"Massachusetts, United States"
"Michigan, United States"
"Minnesota, United States"
"Mississippi, United States"
"Missouri, United States"
"Montana, United States"
"Nebraska, United States"
"Nevada, United States"
"New Hampshire, United States"
"New Jersey, United States"
"New Mexico, United States"
"New York, United States"
"North Carolina, United States"
"North Dakota, United States"
"Ohio, United States"
"Oklahoma, United States"
"Oregon, United States"
"Pennsylvania, United States"
"Rhode Island, United States"
"South Carolina, United States"
"South Dakota, United States"
"Tennessee, United States"
"Texas, United States"
"Utah, United States"
"Vermont, United States"
"Virginia, United States"
"Washington, United States"
"Washington, D.C., United States"
"West Virginia, United States"
"Wisconsin, United States"
"Wyoming, United States"
