"Buenos Aires F.D., Argentina"
"Provincia de Buenos Aires, Argentina"
"Provincia de Catamarca, Argentina"
"Provincia de Corrientes, Argentina"
"Provincia de Córdoba, Argentina"
"Provincia de Entre Ríos, Argentina"
"Provincia de Formosa, Argentina"
"Provincia de Jujuy, Argentina"
"Provincia de La Pampa, Argentina"
"Provincia de La Rioja, Argentina"
"Provincia de Mendoza, Argentina"
"Provincia de Misiones, Argentina"
"Provincia de Río Negro, Argentina"
"Provincia de San Juan, Argentina"
"Provincia de San Luis, Argentina"
"Provincia de Santa Cruz, Argentina"
"Provincia de Santiago del Estero, Argentina"
"Provincia de Tierra del Fuego, Antártida e Islas del Atlántico Sur, Argentina"
"Provincia de Tucumán, Argentina"
"Provincia del Chaco, Argentina"
"Provincia del Chubut, Argentina"
"Provincia del Neuquén, Argentina"
"Salta, Argentina"
"Santa Fe Province, Argentina"
"Departamento de Chuquisaca, Bolivia"
"Departamento de Cochabamba, Bolivia"
"Departamento de La Paz, Bolivia"
"Departamento de Pando, Bolivia"
"Departamento de Potosí, Bolivia"
"Departamento de Santa Cruz, Bolivia"
"Departamento de Tarija, Bolivia"
"Departamento del Beni, Bolivia"
"Oruro, Bolivia"
"Amazonas, Brazil"
"Estado da Bahia, Brazil"
"Estado da Paraíba, Brazil"
"Estado de Alagoas, Brazil"
"Estado de Goiás, Brazil"
"Estado de Mato Grosso, Brazil"
"Estado de Mato Grosso do Sul, Brazil"
"Estado de Minas Gerais, Brazil"
"Estado de Pernambuco, Brazil"
"Estado de Rondônia, Brazil"
"Estado de Roraima, Brazil"
"Estado de Santa Catarina, Brazil"
"Estado de Sergipe, Brazil"
"Estado de São Paulo, Brazil"
"Estado de Tocantins, Brazil"
"Estado do Acre, Brazil"
"Estado do Amapá, Brazil"
"Estado do Ceará, Brazil"
"Estado do Espírito Santo, Brazil"
"Estado do Maranhão, Brazil"
"Estado do Parana, Brazil"
"Estado do Pará, Brazil"
"Estado do Piauí, Brazil"
"Estado do Rio Grande do Norte, Brazil"
"Estado do Rio Grande do Sul, Brazil"
"Federal District, Brazil"
"Rio de Janeiro, Brazil"
"Región Aisén del General Carlos Ibáñez del Campo, Chile"
"Región Metropolitana de Santiago, Chile"
"Región de Antofagasta, Chile"
"Región de Arica y Parinacota, Chile"
"Región de Atacama, Chile"
"Región de Coquimbo, Chile"
"Región de Los Lagos, Chile"
"Región de Los Ríos, Chile"
"Región de Magallanes y de la Antártica Chilena, Chile"
"Región de Tarapacá, Chile"
"Región de Valparaíso, Chile"
"Región de la Araucanía, Chile"
"Región del Biobío, Chile"
"Región del Libertador General Bernardo O’Higgins, Chile"
"Región del Maule, Chile"
"Atlántico, Colombia"
"Bogota D.C., Colombia"
"Cundinamarca, Colombia"
"Departamento de Antioquia, Colombia"
"Departamento de Arauca, Colombia"
"Departamento de Bolívar, Colombia"
"Departamento de Boyacá, Colombia"
"Departamento de Caldas, Colombia"
"Departamento de Casanare, Colombia"
"Departamento de Córdoba, Colombia"
"Departamento de La Guajira, Colombia"
"Departamento de Nariño, Colombia"
"Departamento de Norte de Santander, Colombia"
"Departamento de Risaralda, Colombia"
"Departamento de Santander, Colombia"
"Departamento de Sucre, Colombia"
"Departamento de Tolima, Colombia"
"Departamento del Amazonas, Colombia"
"Departamento del Caquetá, Colombia"
"Departamento del Cauca, Colombia"
"Departamento del Cesar, Colombia"
"Departamento del Chocó, Colombia"
"Departamento del Guainía, Colombia"
"Departamento del Guaviare, Colombia"
"Departamento del Huila, Colombia"
"Departamento del Magdalena, Colombia"
"Departamento del Meta, Colombia"
"Departamento del Putumayo, Colombia"
"Departamento del Quindío, Colombia"
"Departamento del Valle del Cauca, Colombia"
"Departamento del Vaupés, Colombia"
"Departamento del Vichada, Colombia"
"Providencia y Santa Catalina, Departamento de Archipiélago de San Andrés, Colombia"
"Provincia de Bolívar, Ecuador"
"Provincia de Cotopaxi, Ecuador"
"Provincia de El Oro, Ecuador"
"Provincia de Esmeraldas, Ecuador"
"Provincia de Francisco de Orellana, Ecuador"
"Provincia de Galápagos, Ecuador"
"Provincia de Imbabura, Ecuador"
"Provincia de Loja, Ecuador"
"Provincia de Los Ríos, Ecuador"
"Provincia de Manabí, Ecuador"
"Provincia de Morona Santiago, Ecuador"
"Provincia de Napo, Ecuador"
"Provincia de Pichincha, Ecuador"
"Provincia de Santa Elena, Ecuador"
"Provincia de Santo Domingo de los Tsáchilas, Ecuador"
"Provincia de Sucumbíos, Ecuador"
"Provincia de Zamora Chinchipe, Ecuador"
"Provincia del Azuay, Ecuador"
"Provincia del Carchi, Ecuador"
"Provincia del Cañar, Ecuador"
"Provincia del Chimborazo, Ecuador"
"Provincia del Guayas, Ecuador"
"Provincia del Pastaza, Ecuador"
"Provincia del Tungurahua, Ecuador"
"Beaver Settlement, Falkland Islands"
"Bluff Cove, Falkland Islands"
"Bluff Cove Settlement, Falkland Islands"
"Bombilia House, Falkland Islands"
"Burnside House, Falkland Islands"
"Camp Verde, Falkland Islands"
"Carcass Island Settlement, Falkland Islands"
"Ceritos, Falkland Islands"
"Chartres, Falkland Islands"
"Cranmer, Falkland Islands"
"Darwin Settlement, Falkland Islands"
"Dos Lomas, Falkland Islands"
"Douglas Settlement, Falkland Islands"
"Dunnose Head Settlement, Falkland Islands"
"Estancia House, Falkland Islands"
"Fitzroy North, Falkland Islands"
"Fitzroy Settlement, Falkland Islands"
"Foam Creek House, Falkland Islands"
"Fox Bay East Settlement, Falkland Islands"
"Fox Bay West Settlement, Falkland Islands"
"Goose Green Settlement, Falkland Islands"
"Green Patch Settlement, Falkland Islands"
"Hill Cove, Falkland Islands"
"Hope Cottage, Falkland Islands"
"Horseshoe Bay, Falkland Islands"
"Johnson Harbour Settlement, Falkland Islands"
"Johnson Harbour Settlement, Falkland Islands"
"Keppel Settlement, Falkland Islands"
"Lively Settlement, Falkland Islands"
"Mare Harbour Rancho, Falkland Islands"
"Mariquita, Falkland Islands"
"Mid Rancho, Falkland Islands"
"New Island Settlement, Falkland Islands"
"North Arm Settlement, Falkland Islands"
"Orqueta, Falkland Islands"
"Pebble Island Settlement, Falkland Islands"
"Piedra Sola, Falkland Islands"
"Port Howard, Falkland Islands"
"Port Louis Settlement, Falkland Islands"
"Port Louis South, Falkland Islands"
"Port San Carlos Settlement, Falkland Islands"
"Port Stephens Settlement, Falkland Islands"
"Rincon Grande Settlement, Falkland Islands"
"Roy Cove Settlement, Falkland Islands"
"Salvador Settlement, Falkland Islands"
"San Carlos Settlement, Falkland Islands"
"Sand Fountain, Falkland Islands"
"Saunders Island Settlement, Falkland Islands"
"Speedwell Island Settlement, Falkland Islands"
"Spring Point Settlement, Falkland Islands"
"Stanley, Falkland Islands"
"Teal Inlet Settlement, Falkland Islands"
"Tranquilidad, Falkland Islands"
"Walker Creek, Falkland Islands"
"Weddell Settlement, Falkland Islands"
"Westpoint Island Settlement, Falkland Islands"
"Guyane, French Guiana"
"Barima-Waini Region, Guyana"
"Cuyuni-Mazaruni Region, Guyana"
"Demerara-Mahaica Region, Guyana"
"East Berbice-Corentyne Region, Guyana"
"Essequibo Islands-West Demerara Region, Guyana"
"Mahaica-Berbice Region, Guyana"
"Pomeroon-Supenaam Region, Guyana"
"Potaro-Siparuni Region, Guyana"
"Upper Demerara-Berbice Region, Guyana"
"Upper Takutu-Upper Essequibo Region, Guyana"
"Asunción, Paraguay"
"Departamento Central, Paraguay"
"Departamento de Alto Paraguay, Paraguay"
"Departamento de Boquerón, Paraguay"
"Departamento de Caaguazú, Paraguay"
"Departamento de Caazapá, Paraguay"
"Departamento de Canindeyú, Paraguay"
"Departamento de Concepción, Paraguay"
"Departamento de Itapúa, Paraguay"
"Departamento de Misiones, Paraguay"
"Departamento de Paraguarí, Paraguay"
"Departamento de Presidente Hayes, Paraguay"
"Departamento de San Pedro, Paraguay"
"Departamento de la Cordillera, Paraguay"
"Departamento de Ñeembucú, Paraguay"
"Departamento del Alto Paraná, Paraguay"
"Departamento del Amambay, Paraguay"
"Departamento del Guairá, Paraguay"
"Departamento de Amazonas, Peru"
"Departamento de Ancash, Peru"
"Departamento de Apurímac, Peru"
"Departamento de Arequipa, Peru"
"Departamento de Ayacucho, Peru"
"Departamento de Cajamarca, Peru"
"Departamento de Cusco, Peru"
"Departamento de Huancavelica, Peru"
"Departamento de Huánuco, Peru"
"Departamento de Ica, Peru"
"Departamento de Junín, Peru"
"Departamento de La Libertad, Peru"
"Departamento de Lambayeque, Peru"
"Departamento de Lima, Peru"
"Departamento de Loreto, Peru"
"Departamento de Madre de Dios, Peru"
"Departamento de Moquegua, Peru"
"Departamento de Pasco, Peru"
"Departamento de Piura, Peru"
"Departamento de Puno, Peru"
"Departamento de San Martín, Peru"
"Departamento de Tacna, Peru"
"Departamento de Tumbes, Peru"
"Departamento de Ucayali, Peru"
"Provincia Constitucional del Callao, Peru"
"Provincia de Lima, Peru"
"Distrikt Brokopondo, Suriname"
"Distrikt Commewijne, Suriname"
"Distrikt Coronie, Suriname"
"Distrikt Marowijne, Suriname"
"Distrikt Nickerie, Suriname"
"Distrikt Para, Suriname"
"Distrikt Paramaribo, Suriname"
"Distrikt Saramacca, Suriname"
"Distrikt Sipaliwini, Suriname"
"Distrikt Wanica, Suriname"
"Artigas, Uruguay"
"Canelones, Uruguay"
"Cerro Largo, Uruguay"
"Colonia, Uruguay"
"Departamento de Durazno, Uruguay"
"Departamento de Flores, Uruguay"
"Departamento de Montevideo, Uruguay"
"Departamento de Paysandú, Uruguay"
"Departamento de Rivera, Uruguay"
"Departamento de Rocha, Uruguay"
"Departamento de Río Negro, Uruguay"
"Departamento de Salto, Uruguay"
"Departamento de San José, Uruguay"
"Departamento de Tacuarembó, Uruguay"
"Departamento de Treinta y Tres, Uruguay"
"Florida, Uruguay"
"Lavalleja, Uruguay"
"Maldonado, Uruguay"
"Soriano, Uruguay"
"Dependencias Federales, Venezuela"
"Distrito Capital, Venezuela"
"Estado Amazonas, Venezuela"
"Estado Anzoátegui, Venezuela"
"Estado Apure, Venezuela"
"Estado Aragua, Venezuela"
"Estado Barinas, Venezuela"
"Estado Bolívar, Venezuela"
"Estado Carabobo, Venezuela"
"Estado Cojedes, Venezuela"
"Estado Falcón, Venezuela"
"Estado Guárico, Venezuela"
"Estado Lara, Venezuela"
"Estado Miranda, Venezuela"
"Estado Monagas, Venezuela"
"Estado Mérida, Venezuela"
"Estado Nueva Esparta, Venezuela"
"Estado Portuguesa, Venezuela"
"Estado Sucre, Venezuela"
"Estado Trujillo, Venezuela"
"Estado Táchira, Venezuela"
"Estado Vargas, Venezuela"
"Estado Yaracuy, Venezuela"
"Estado Zulia, Venezuela"
"Territorio Federal Delta Amacuro, Venezuela"
